path , default , custom, defult_w_count, custom_w_count , defult_w_count_percentage , custom_w_count_percentage , default_wer , default_wacc , custom_wer, custom_wacc
S:\Technion\SemesterE\ReadYourLife - project\ReadYourLife\code\resources\data\P1L1_ Course Overview\1 - Introduction.srt.res ,0.251794589,0.062198391,5,12,3.067484663,7.36196319,12.17,87.83,13.7,86.3
S:\Technion\SemesterE\ReadYourLife - project\ReadYourLife\code\resources\data\P1L1_ Course Overview\2 - Why Should I Take this Course.srt.res ,0.051724138,0.012392755,9,2,4.109589041,0.913242009,12.87,87.13,9.52,90.48
S:\Technion\SemesterE\ReadYourLife - project\ReadYourLife\code\resources\data\P1L1_ Course Overview\3 - Course Overview.srt.res ,0.120158103,0.102106969,0,0,0,0,9.81,90.19,7.94,92.06
S:\Technion\SemesterE\ReadYourLife - project\ReadYourLife\code\resources\data\P1L1_ Course Overview\4 - Theory and Practice.srt.res ,0.090909091,0.051141553,0,2,0,0.980392157,5.7,94.3,11.32,88.68
S:\Technion\SemesterE\ReadYourLife - project\ReadYourLife\code\resources\data\P1L1_ Course Overview\5 - Course Materials.srt.res ,0.011985019,0.039567233,0,17,0,4.775280899,10.26,89.74,7.18,92.82
S:\Technion\SemesterE\ReadYourLife - project\ReadYourLife\code\resources\data\P1L1_ Course Overview\6 - Course Policies.srt.res ,0.008797654,0.053631285,0,28,0,9.120521173,11.54,88.46,9.32,90.68
S:\Technion\SemesterE\ReadYourLife - project\ReadYourLife\code\resources\data\P1L1_ Course Overview\7 - Visual Metaphor.srt.res ,0.011486001,0.082573727,1,9,0.574712644,5.172413793,9.78,90.22,12.1,87.9
S:\Technion\SemesterE\ReadYourLife - project\ReadYourLife\code\resources\data\P1L1_ Course Overview\8 - Your Learning Expecations.srt.res ,0.022695035,0.069216758,1,16,2.083333333,33.33333333,74.49,25.51,21.09,78.91
S:\Technion\SemesterE\ReadYourLife - project\ReadYourLife\code\resources\data\P1L2_ Introduction to Operating Systems\01 - Lesson Preview.srt.res ,0.138317757,0.011180992,4,0,2.580645161,0,16.5,83.5,10.9,89.1
S:\Technion\SemesterE\ReadYourLife - project\ReadYourLife\code\resources\data\P1L2_ Introduction to Operating Systems\02 - Visual Metaphor.srt.res ,0.005816772,0.00290346,1,2,0.194174757,0.388349515,3.28,96.72,3.91,96.09
S:\Technion\SemesterE\ReadYourLife - project\ReadYourLife\code\resources\data\P1L2_ Introduction to Operating Systems\03 - What is an Operating System.srt.res ,0.014206437,0.085502565,0,34,0,4.829545455,2.26,97.74,3.82,96.18
S:\Technion\SemesterE\ReadYourLife - project\ReadYourLife\code\resources\data\P1L2_ Introduction to Operating Systems\04 - Operating System Definition.srt.res ,0.022244692,0.133567663,0,46,0,49.46236559,9.62,90.38,12.2,87.8
S:\Technion\SemesterE\ReadYourLife - project\ReadYourLife\code\resources\data\P1L2_ Introduction to Operating Systems\05 - Operating System Components Quiz.srt.res ,0.032928943,0.297587131,0,45,0,68.18181818,34.01,65.99,16.75,83.25
S:\Technion\SemesterE\ReadYourLife - project\ReadYourLife\code\resources\data\P1L2_ Introduction to Operating Systems\06 - Operating System Components Quiz.srt.res ,0.011369019,0.212806933,2,25,1.015228426,12.69035533,8.21,91.79,6.84,93.16
S:\Technion\SemesterE\ReadYourLife - project\ReadYourLife\code\resources\data\P1L2_ Introduction to Operating Systems\07 - Abstraction or Arbitration Quiz.srt.res ,0.291390728,0.037914692,1,10,1.351351351,13.51351351,29.11,70.89,17.14,82.86
S:\Technion\SemesterE\ReadYourLife - project\ReadYourLife\code\resources\data\P1L2_ Introduction to Operating Systems\08 - Abstraction or Arbitration Quiz.srt.res ,0.005148005,0.042637581,1,54,0.564971751,30.50847458,7.7,92.3,10.1,89.9
S:\Technion\SemesterE\ReadYourLife - project\ReadYourLife\code\resources\data\P1L2_ Introduction to Operating Systems\09 - Operating System Examples.srt.res ,0.010789981,0.019144481,0,10,0,2.577319588,1.25,98.75,4.17,95.83
S:\Technion\SemesterE\ReadYourLife - project\ReadYourLife\code\resources\data\P1L2_ Introduction to Operating Systems\10 - OS Elements.srt.res ,0.034321373,0.217874611,1,2,0.418410042,0.836820084,7.04,92.96,2.83,97.17
S:\Technion\SemesterE\ReadYourLife - project\ReadYourLife\code\resources\data\P1L2_ Introduction to Operating Systems\11 - OS Elements Example.srt.res ,0.003987241,0.079207921,3,27,0.840336134,7.56302521,6.82,93.18,2.74,97.26
S:\Technion\SemesterE\ReadYourLife - project\ReadYourLife\code\resources\data\P1L2_ Introduction to Operating Systems\12 - OS Design Principles.srt.res ,0.006156552,0.050262566,1,64,0.304878049,19.51219512,1.57,98.43,7.43,92.57
S:\Technion\SemesterE\ReadYourLife - project\ReadYourLife\code\resources\data\P1L2_ Introduction to Operating Systems\13 - OS Protection Boundary.srt.res ,0.077788492,0.100829611,26,13,6.683804627,3.341902314,6.04,93.96,5.71,94.29
S:\Technion\SemesterE\ReadYourLife - project\ReadYourLife\code\resources\data\P1L2_ Introduction to Operating Systems\14 - System Call Flowchart.srt.res ,0.128107634,0.117338004,11,21,2.534562212,4.838709677,4.09,95.91,3.52,96.48
S:\Technion\SemesterE\ReadYourLife - project\ReadYourLife\code\resources\data\P1L2_ Introduction to Operating Systems\15 - Crossing the OS Boundary.srt.res ,0.04047619,0.261031697,0,1,0,0.250626566,5.24,94.76,7.26,92.74
S:\Technion\SemesterE\ReadYourLife - project\ReadYourLife\code\resources\data\P1L2_ Introduction to Operating Systems\16 - OS Services.srt.res ,0.007476636,0.204678363,1,14,0.354609929,4.964539007,2.91,97.09,5.92,94.08
S:\Technion\SemesterE\ReadYourLife - project\ReadYourLife\code\resources\data\P1L2_ Introduction to Operating Systems\17 - System Calls Quiz.srt.res ,0.037406484,0.17211329,0,20,0,25,28.57,71.43,23.19,76.81
S:\Technion\SemesterE\ReadYourLife - project\ReadYourLife\code\resources\data\P1L2_ Introduction to Operating Systems\18 - System Calls Quiz.srt.res ,0.151408451,0.070539419,1,5,1.176470588,5.882352941,38.22,61.78,36.78,63.22
S:\Technion\SemesterE\ReadYourLife - project\ReadYourLife\code\resources\data\P1L2_ Introduction to Operating Systems\19 - Monolithic OS.srt.res ,0.025338576,0.188110027,0,29,0,12.23628692,4.37,95.63,1.56,98.44
S:\Technion\SemesterE\ReadYourLife - project\ReadYourLife\code\resources\data\P1L2_ Introduction to Operating Systems\20 - Modular OS.srt.res ,0.026286143,0.02286979,0,0,0,0,1.86,98.14,10.47,89.53
S:\Technion\SemesterE\ReadYourLife - project\ReadYourLife\code\resources\data\P1L2_ Introduction to Operating Systems\21 - Microkernel.srt.res ,0.004411116,0.016782196,1,49,0.322580645,15.80645161,9.11,90.89,4.48,95.52
S:\Technion\SemesterE\ReadYourLife - project\ReadYourLife\code\resources\data\P1L2_ Introduction to Operating Systems\22 - Linux and Mac OS Architectures.srt.res ,0.012870013,0.066242038,1,21,0.427350427,8.974358974,7.71,92.29,7.52,92.48
S:\Technion\SemesterE\ReadYourLife - project\ReadYourLife\code\resources\data\P1L2_ Introduction to Operating Systems\23 - Lesson Summary.srt.res ,0.023961661,0.211992732,1,2,0.757575758,1.515151515,10.72,89.28,15.08,84.92
S:\Technion\SemesterE\ReadYourLife - project\ReadYourLife\code\resources\data\P1L2_ Introduction to Operating Systems\24 - Lesson Review.srt.res ,0.144927536,0.844444444,0,0,0,0,82.14,17.86,24.4,75.6
S:\Technion\SemesterE\ReadYourLife - project\ReadYourLife\code\resources\data\P2L2_ Threads and Concurrency\01 - Lesson Preview.srt.res ,0.038624019,0.407955125,1,3,0.543478261,1.630434783,12.82,87.18,11.87,88.13
S:\Technion\SemesterE\ReadYourLife - project\ReadYourLife\code\resources\data\P2L2_ Threads and Concurrency\02 - Visual Metaphor.srt.res ,0.055687606,0.014806378,1,8,0.231481481,1.851851852,6.14,93.86,2.55,97.45
S:\Technion\SemesterE\ReadYourLife - project\ReadYourLife\code\resources\data\P2L2_ Threads and Concurrency\03 - Process vs Thread.srt.res ,0.052687039,0.00772499,1,4,0.377358491,1.509433962,4.09,95.91,5.19,94.81
S:\Technion\SemesterE\ReadYourLife - project\ReadYourLife\code\resources\data\P2L2_ Threads and Concurrency\04 - Benefits of Multithreading.srt.res ,0.007447974,0.003322259,0,13,0,2.073365231,5.48,94.52,4.02,95.98
S:\Technion\SemesterE\ReadYourLife - project\ReadYourLife\code\resources\data\P2L2_ Threads and Concurrency\05 - Benefits of Multithreading Single CPU.srt.res ,0.014848289,0.276069519,1,7,0.24691358,1.728395062,4.28,95.72,2.46,97.54
S:\Technion\SemesterE\ReadYourLife - project\ReadYourLife\code\resources\data\P2L2_ Threads and Concurrency\06 - Benefits of Multithreading Apps and OS.srt.res ,0.022222222,0.275806452,0,40,0,43.01075269,38.22,61.78,15.29,84.71
S:\Technion\SemesterE\ReadYourLife - project\ReadYourLife\code\resources\data\P2L2_ Threads and Concurrency\07 - Process vs Threads Quiz.srt.res ,0.037267081,0.174532502,0,0,0,0,27.05,72.95,20.7,79.3
S:\Technion\SemesterE\ReadYourLife - project\ReadYourLife\code\resources\data\P2L2_ Threads and Concurrency\08 - Process vs Threads Quiz.srt.res ,0.121308859,0.033594625,0,0,0,0,15.65,84.35,7.82,92.18
S:\Technion\SemesterE\ReadYourLife - project\ReadYourLife\code\resources\data\P2L2_ Threads and Concurrency\09 - Basic Thread Mechanisms.srt.res ,0.005254269,0.093979442,2,0,0.274348422,0,2.91,97.09,2.42,97.58
S:\Technion\SemesterE\ReadYourLife - project\ReadYourLife\code\resources\data\P2L2_ Threads and Concurrency\10 - Thread Creation.srt.res ,0.006256109,0.0477713,1,39,0.129701686,5.058365759,3.37,96.63,1.73,98.27
S:\Technion\SemesterE\ReadYourLife - project\ReadYourLife\code\resources\data\P2L2_ Threads and Concurrency\11 - Thread Creation Example.srt.res ,0.027110767,0.036049027,1,23,0.285714286,6.571428571,7.11,92.89,2.63,97.37
S:\Technion\SemesterE\ReadYourLife - project\ReadYourLife\code\resources\data\P2L2_ Threads and Concurrency\12 - Mutexes.srt.res ,0.007092199,0.127922078,2,18,0.452488688,4.07239819,3.64,96.36,2.33,97.67
S:\Technion\SemesterE\ReadYourLife - project\ReadYourLife\code\resources\data\P2L2_ Threads and Concurrency\13 - Mutual Exclusion.srt.res ,0.006132618,0.134625551,2,29,0.238095238,3.452380952,3.58,96.42,1.88,98.12
S:\Technion\SemesterE\ReadYourLife - project\ReadYourLife\code\resources\data\P2L2_ Threads and Concurrency\14 - Mutex Example.srt.res ,0.033547114,0.06640625,6,8,2.666666667,3.555555556,6.23,93.77,4.4,95.6
S:\Technion\SemesterE\ReadYourLife - project\ReadYourLife\code\resources\data\P2L2_ Threads and Concurrency\15 - Mutex Quiz.srt.res ,0.073662265,0.086956522,2,18,1.438848921,12.94964029,25.13,74.87,29.47,70.53
S:\Technion\SemesterE\ReadYourLife - project\ReadYourLife\code\resources\data\P2L2_ Threads and Concurrency\16 - Mutex Quiz.srt.res ,0.038573933,0.06400665,0,33,0,10.71428571,6.65,93.35,8.81,91.19
S:\Technion\SemesterE\ReadYourLife - project\ReadYourLife\code\resources\data\P2L2_ Threads and Concurrency\17 - Producer and Consumer Example.srt.res ,0.015930485,0.023323615,1,11,0.285714286,3.142857143,2.92,97.08,2.92,97.08
S:\Technion\SemesterE\ReadYourLife - project\ReadYourLife\code\resources\data\P2L2_ Threads and Concurrency\18 - Condition Variables.srt.res ,0.008962427,0.022207268,4,1,1.033591731,0.258397933,0.31,99.69,10.27,89.73
S:\Technion\SemesterE\ReadYourLife - project\ReadYourLife\code\resources\data\P2L2_ Threads and Concurrency\19 - Condition Variable API.srt.res ,0.090336912,0.031297944,0,16,0,3.571428571,6.08,93.92,3.48,96.52
S:\Technion\SemesterE\ReadYourLife - project\ReadYourLife\code\resources\data\P2L2_ Threads and Concurrency\20 - Condition Variable Quiz.srt.res ,0.033103448,0.175,1,2,1.694915254,3.389830508,24.41,75.59,24.15,75.85
S:\Technion\SemesterE\ReadYourLife - project\ReadYourLife\code\resources\data\P2L2_ Threads and Concurrency\21 - Condition Variable Quiz.srt.res ,0.105201636,0.033722438,10,7,3.663003663,2.564102564,4.39,95.61,8.6,91.4
S:\Technion\SemesterE\ReadYourLife - project\ReadYourLife\code\resources\data\P2L2_ Threads and Concurrency\22 - ReaderWriter Problem.srt.res ,0.004317111,0.00273224,0,4,0,0.527704485,3.41,96.59,2.73,97.27
S:\Technion\SemesterE\ReadYourLife - project\ReadYourLife\code\resources\data\P2L2_ Threads and Concurrency\23 - Readers and Writer Example Part 1.srt.res ,0.003662165,0.007808911,2,18,0.304878049,2.743902439,6.36,93.64,5.67,94.33
S:\Technion\SemesterE\ReadYourLife - project\ReadYourLife\code\resources\data\P2L2_ Threads and Concurrency\24 - Readers and Writer Example Part 2.srt.res ,0.004401132,0.004034582,0,10,0,2.207505519,5.43,94.57,4.91,95.09
S:\Technion\SemesterE\ReadYourLife - project\ReadYourLife\code\resources\data\P2L2_ Threads and Concurrency\25 - Readers and Writer Example Part 3.srt.res ,0.002843332,0.157419355,2,11,0.372439479,2.048417132,5.64,94.36,2.65,97.35
S:\Technion\SemesterE\ReadYourLife - project\ReadYourLife\code\resources\data\P2L2_ Threads and Concurrency\26 - Critical Section Structure.srt.res ,0.006343836,0.006361323,5,23,0.711237553,3.271692745,0.15,99.85,5.93,94.07
S:\Technion\SemesterE\ReadYourLife - project\ReadYourLife\code\resources\data\P2L2_ Threads and Concurrency\27 - Critical Section Structure with Proxy.srt.res ,0.004301075,0.061045403,0,11,0,3.363914373,3.19,96.81,8.16,91.84
S:\Technion\SemesterE\ReadYourLife - project\ReadYourLife\code\resources\data\P2L2_ Threads and Concurrency\28 - Common Pitfalls.srt.res ,0.008163265,0.026293469,2,58,0.3125,9.0625,1.8,98.2,1.47,98.53
S:\Technion\SemesterE\ReadYourLife - project\ReadYourLife\code\resources\data\P2L2_ Threads and Concurrency\29 - Spurious Wake Ups.srt.res ,0.007917308,0.008735532,2,34,0.329489292,5.601317957,1.63,98.37,2.29,97.71
S:\Technion\SemesterE\ReadYourLife - project\ReadYourLife\code\resources\data\P2L2_ Threads and Concurrency\30 - Deadlocks Introduction.srt.res ,0.012912482,0.067085954,0,12,0,5.911330049,14.4,85.6,13.2,86.8
S:\Technion\SemesterE\ReadYourLife - project\ReadYourLife\code\resources\data\P2L2_ Threads and Concurrency\31 - Deadlocks.srt.res ,0.001917546,0.010484928,2,33,0.275103164,4.539202201,5.86,94.14,2.22,97.78
S:\Technion\SemesterE\ReadYourLife - project\ReadYourLife\code\resources\data\P2L2_ Threads and Concurrency\32 - Deadlocks Summary.srt.res ,0.005712654,0.003239741,0,1,0,0.196463654,5.96,94.04,5.76,94.24
S:\Technion\SemesterE\ReadYourLife - project\ReadYourLife\code\resources\data\P2L2_ Threads and Concurrency\33 - Critical Section Quiz.srt.res ,0.0157199,0.044336682,0,53,0,15.18624642,3.49,96.51,6.5,93.5
S:\Technion\SemesterE\ReadYourLife - project\ReadYourLife\code\resources\data\P2L2_ Threads and Concurrency\34 - Critical Section Quiz.srt.res ,0.003332223,0.026793689,2,10,0.453514739,2.267573696,6.14,93.86,3.26,96.74
S:\Technion\SemesterE\ReadYourLife - project\ReadYourLife\code\resources\data\P2L2_ Threads and Concurrency\35 - Kernel vs User-Level Threads.srt.res ,0.161311475,0.174538911,19,6,8.189655172,2.586206897,6.77,93.23,8.72,91.28
S:\Technion\SemesterE\ReadYourLife - project\ReadYourLife\code\resources\data\P2L2_ Threads and Concurrency\36 - Multithreading Models.srt.res ,0.010248681,0.120236337,0,7,0,0.729166667,3.68,96.32,2.13,97.87
S:\Technion\SemesterE\ReadYourLife - project\ReadYourLife\code\resources\data\P2L2_ Threads and Concurrency\37 - Scope of Multithreading.srt.res ,0.06470807,0.046979866,0,17,0,4.009433962,5.04,94.96,1.17,98.83
S:\Technion\SemesterE\ReadYourLife - project\ReadYourLife\code\resources\data\P2L2_ Threads and Concurrency\38 - Multithreading Patterns.srt.res ,0.105362183,0.101917808,0,20,0,12.19512195,15.57,84.43,10.62,89.38
S:\Technion\SemesterE\ReadYourLife - project\ReadYourLife\code\resources\data\P2L2_ Threads and Concurrency\39 - BossWorkers Pattern.srt.res ,0.041127542,0.061532274,0,51,0,6.64928292,2.3,97.7,2.85,97.15
S:\Technion\SemesterE\ReadYourLife - project\ReadYourLife\code\resources\data\P2L2_ Threads and Concurrency\40 - How Many Workers.srt.res ,0.014047867,0.066787471,1,1,0.179856115,0.179856115,1.64,98.36,3.09,96.91
S:\Technion\SemesterE\ReadYourLife - project\ReadYourLife\code\resources\data\P2L2_ Threads and Concurrency\41 - BossWorkers Variants.srt.res ,0.019621584,0.077370763,3,21,0.775193798,5.426356589,5.36,94.64,5.46,94.54
S:\Technion\SemesterE\ReadYourLife - project\ReadYourLife\code\resources\data\P2L2_ Threads and Concurrency\42 - Pipeline Pattern.srt.res ,0.025434506,0.012269939,9,14,1.12640801,1.752190238,1.01,98.99,2.15,97.85
S:\Technion\SemesterE\ReadYourLife - project\ReadYourLife\code\resources\data\P2L2_ Threads and Concurrency\43 - Layered Pattern.srt.res ,0.020282187,0.066780822,14,30,4.946996466,10.60070671,7.03,92.97,6.59,93.41
S:\Technion\SemesterE\ReadYourLife - project\ReadYourLife\code\resources\data\P2L2_ Threads and Concurrency\44 - Multithreading Patterns Quiz.srt.res ,0.015089959,0.072144289,0,31,0,15.19607843,11.14,88.86,9.16,90.84
S:\Technion\SemesterE\ReadYourLife - project\ReadYourLife\code\resources\data\P2L2_ Threads and Concurrency\45 - Multithreading Patterns Quiz.srt.res ,0.042335766,0.04408303,0,23,0,3.527607362,3.59,96.41,1.55,98.45
S:\Technion\SemesterE\ReadYourLife - project\ReadYourLife\code\resources\data\P2L2_ Threads and Concurrency\46 - Lesson Summary.srt.res ,0.007386888,0.139093783,1,1,1.388888889,1.388888889,34.27,65.73,19.96,80.04
S:\Technion\SemesterE\ReadYourLife - project\ReadYourLife\code\resources\data\P2L2_ Threads and Concurrency\47 - Lesson Review.srt.res ,0.027272727,0.844444444,0,0,0,0,91.67,8.33,24.4,75.6
S:\Technion\SemesterE\ReadYourLife - project\ReadYourLife\code\resources\data\P2L3_ Threads Case Study_ PThreads\01 - Lesson Preview.srt.res ,0.188640974,0.190359976,5,29,3.875968992,22.48062016,10.62,89.38,1.26,98.74
S:\Technion\SemesterE\ReadYourLife - project\ReadYourLife\code\resources\data\P2L3_ Threads Case Study_ PThreads\02 - PThread Creation.srt.res ,0.023989484,0.009847807,0,4,0,0.42462845,2.47,97.53,1.76,98.24
S:\Technion\SemesterE\ReadYourLife - project\ReadYourLife\code\resources\data\P2L3_ Threads Case Study_ PThreads\03 - Compiling PThreads.srt.res ,0.041329739,0.017847769,0,8,0,4.848484848,4.36,95.64,11.77,88.23
S:\Technion\SemesterE\ReadYourLife - project\ReadYourLife\code\resources\data\P2L3_ Threads Case Study_ PThreads\04 - PThread Creation Example 1.srt.res ,0.010575017,0.016962221,0,18,0,15.78947368,17.89,82.11,25.66,74.34
S:\Technion\SemesterE\ReadYourLife - project\ReadYourLife\code\resources\data\P2L3_ Threads Case Study_ PThreads\05 - PThread Creation Quiz 1.srt.res ,0.292307692,0.849557522,1,0,4.347826087,0,94.02,5.98,21.37,78.63
S:\Technion\SemesterE\ReadYourLife - project\ReadYourLife\code\resources\data\P2L3_ Threads Case Study_ PThreads\06 - PThread Creation Quiz 1.srt.res ,0.768768769,0.791411043,0,0,0,0,28.98,71.02,26.14,73.86
S:\Technion\SemesterE\ReadYourLife - project\ReadYourLife\code\resources\data\P2L3_ Threads Case Study_ PThreads\07 - PThread Creation Example 2.srt.res ,0.057204533,0.036548223,55,1,27.22772277,0.495049505,20.84,79.16,7.53,92.47
S:\Technion\SemesterE\ReadYourLife - project\ReadYourLife\code\resources\data\P2L3_ Threads Case Study_ PThreads\08 - PThread Creation Quiz 2.srt.res ,0.04784689,0.839650146,0,7,0,25.92592593,81.77,18.23,22.65,77.35
S:\Technion\SemesterE\ReadYourLife - project\ReadYourLife\code\resources\data\P2L3_ Threads Case Study_ PThreads\09 - PThread Creation Quiz 2.srt.res ,0.020571429,0.089363769,1,17,0.456621005,7.762557078,9.32,90.68,4.2,95.8
S:\Technion\SemesterE\ReadYourLife - project\ReadYourLife\code\resources\data\P2L3_ Threads Case Study_ PThreads\10 - PThread Creation Example 3.srt.res ,0.065016624,0.086633663,1,9,0.222717149,2.004454343,6.96,93.04,1.02,98.98
S:\Technion\SemesterE\ReadYourLife - project\ReadYourLife\code\resources\data\P2L3_ Threads Case Study_ PThreads\11 - PThread Creation Quiz 3.srt.res ,0.846590909,0.845938375,4,11,12.5,34.375,23.32,76.68,22.8,77.2
S:\Technion\SemesterE\ReadYourLife - project\ReadYourLife\code\resources\data\P2L3_ Threads Case Study_ PThreads\12 - PThread Creation Quiz 3.srt.res ,0.547683924,0.134228188,28,27,40.57971014,39.13043478,14.1,85.9,19.58,80.42
S:\Technion\SemesterE\ReadYourLife - project\ReadYourLife\code\resources\data\P2L3_ Threads Case Study_ PThreads\13 - PThread Mutexes.srt.res ,0.007240854,0.015253636,0,5,0,0.663129973,3.49,96.51,1.84,98.16
S:\Technion\SemesterE\ReadYourLife - project\ReadYourLife\code\resources\data\P2L3_ Threads Case Study_ PThreads\14 - PThread Condition Variables.srt.res ,0.034852547,0.015996445,10,1,1.821493625,0.182149362,5.31,94.69,2.88,97.12
S:\Technion\SemesterE\ReadYourLife - project\ReadYourLife\code\resources\data\P2L3_ Threads Case Study_ PThreads\15 - Producer and Consumer Example Part 1.srt.res ,0.00733945,0.033653846,1,13,0.222222222,2.888888889,2.75,97.25,2.82,97.18
S:\Technion\SemesterE\ReadYourLife - project\ReadYourLife\code\resources\data\P2L3_ Threads Case Study_ PThreads\16 - Producer and Consumer Example Part 2.srt.res ,0.045765387,0.021052632,0,17,0,2.591463415,2.58,97.42,2.61,97.39
S:\Technion\SemesterE\ReadYourLife - project\ReadYourLife\code\resources\data\P2L3_ Threads Case Study_ PThreads\17 - Producer and Consumer Example Part 3.srt.res ,0.008452192,0.003255057,0,1,0,0.157728707,5,95,2.63,97.37
S:\Technion\SemesterE\ReadYourLife - project\ReadYourLife\code\resources\data\P2L3_ Threads Case Study_ PThreads\18 - Lesson Summary.srt.res ,0.005176877,0.04784689,0,16,0,22.85714286,23.3,76.7,23.98,76.02
S:\Technion\SemesterE\ReadYourLife - project\ReadYourLife\code\resources\data\P2L3_ Threads Case Study_ PThreads\19 - Lesson Review.srt.res ,0.884848485,0.844444444,10,0,33.33333333,0,16.67,83.33,24.4,75.6
S:\Technion\SemesterE\ReadYourLife - project\ReadYourLife\code\resources\data\P2L4_ Thread Design Considerations\01 - Lesson Preview.srt.res ,0.074605452,0.137513751,1,0,0.555555556,0,22.32,77.68,7.66,92.34
S:\Technion\SemesterE\ReadYourLife - project\ReadYourLife\code\resources\data\P2L4_ Thread Design Considerations\02 - Kernel vs User Level Threads.srt.res ,0.074807481,0.034659315,0,40,0,16.32653061,7.26,92.74,10.74,89.26
S:\Technion\SemesterE\ReadYourLife - project\ReadYourLife\code\resources\data\P2L4_ Thread Design Considerations\03 - Thread Data Structures Single CPU.srt.res ,0.034413766,0.148581998,1,33,0.263157895,8.684210526,3.52,96.48,5.58,94.42
S:\Technion\SemesterE\ReadYourLife - project\ReadYourLife\code\resources\data\P2L4_ Thread Design Considerations\04 - Thread Data Structures At Scale.srt.res ,0.029041626,0.009269162,0,22,0,6.811145511,8.5,91.5,5.1,94.9
S:\Technion\SemesterE\ReadYourLife - project\ReadYourLife\code\resources\data\P2L4_ Thread Design Considerations\05 - Hard and Light Process State.srt.res ,0.00969697,0.128337237,0,61,0,27.47747748,15.33,84.67,10.32,89.68
S:\Technion\SemesterE\ReadYourLife - project\ReadYourLife\code\resources\data\P2L4_ Thread Design Considerations\06 - Rationale for Data Structures.srt.res ,0.003717472,0.034471952,0,11,0,2.813299233,8.74,91.26,6.63,93.37
S:\Technion\SemesterE\ReadYourLife - project\ReadYourLife\code\resources\data\P2L4_ Thread Design Considerations\07 - Thread Structures Quiz.srt.res ,0.015625,0.099541585,0,54,0,41.53846154,22.58,77.42,25.85,74.15
S:\Technion\SemesterE\ReadYourLife - project\ReadYourLife\code\resources\data\P2L4_ Thread Design Considerations\08 - Thread Structures Quiz.srt.res ,0.011220196,0.037947997,1,2,0.862068966,1.724137931,4.99,95.01,28.25,71.75
S:\Technion\SemesterE\ReadYourLife - project\ReadYourLife\code\resources\data\P2L4_ Thread Design Considerations\09 - User Level Structures in Solaris 20.srt.res ,0.007793654,0.002565512,2,5,0.255102041,0.637755102,2.04,97.96,2.66,97.34
S:\Technion\SemesterE\ReadYourLife - project\ReadYourLife\code\resources\data\P2L4_ Thread Design Considerations\10 - Kernel Level Structures in Solaris 20.srt.res ,0.055188055,0.001676727,2,32,0.236406619,3.78250591,3.5,96.5,2.52,97.48
S:\Technion\SemesterE\ReadYourLife - project\ReadYourLife\code\resources\data\P2L4_ Thread Design Considerations\11 - Basic Thread Management Interaction.srt.res ,0.018034682,0.005311542,22,1,3.4375,0.15625,4.74,95.26,2.74,97.26
S:\Technion\SemesterE\ReadYourLife - project\ReadYourLife\code\resources\data\P2L4_ Thread Design Considerations\12 - PThread Concurrency Quiz.srt.res ,0.022547914,0.152260111,0,41,0,40.19607843,24.32,75.68,19.52,80.48
S:\Technion\SemesterE\ReadYourLife - project\ReadYourLife\code\resources\data\P2L4_ Thread Design Considerations\13 - PThread Concurrency Quiz.srt.res ,0.077605322,0.198653199,4,12,8.510638298,25.53191489,80.59,19.41,16.78,83.22
S:\Technion\SemesterE\ReadYourLife - project\ReadYourLife\code\resources\data\P2L4_ Thread Design Considerations\14 - Thread Management Visibilty and Design.srt.res ,0.025415896,0.064326338,0,7,0,1.015965167,2.48,97.52,3.4,96.6
S:\Technion\SemesterE\ReadYourLife - project\ReadYourLife\code\resources\data\P2L4_ Thread Design Considerations\15 - Issues on Multiple CPUs.srt.res ,0.035211268,0.05994412,0,9,0,1.624548736,4.44,95.56,5,95
S:\Technion\SemesterE\ReadYourLife - project\ReadYourLife\code\resources\data\P2L4_ Thread Design Considerations\16 - Synchronization-Related Issues.srt.res ,0.031451036,0.094725957,0,32,0,4.383561644,1.97,98.03,1.95,98.05
S:\Technion\SemesterE\ReadYourLife - project\ReadYourLife\code\resources\data\P2L4_ Thread Design Considerations\17 - Number of Threads Quiz.srt.res ,0.092342342,0.02887538,0,9,0,8.035714286,20.31,79.69,22.3,77.7
S:\Technion\SemesterE\ReadYourLife - project\ReadYourLife\code\resources\data\P2L4_ Thread Design Considerations\18 - Number of Threads Quiz.srt.res ,0.28057554,0.087759815,12,13,15,16.25,21.56,78.44,28.44,71.56
S:\Technion\SemesterE\ReadYourLife - project\ReadYourLife\code\resources\data\P2L4_ Thread Design Considerations\19 - Interrupts and Signals Intro.srt.res ,0.041937094,0.119178768,41,3,8.367346939,0.612244898,2.01,97.99,2.32,97.68
S:\Technion\SemesterE\ReadYourLife - project\ReadYourLife\code\resources\data\P2L4_ Thread Design Considerations\20 - Visual Metaphor.srt.res ,0.026761118,0.020384163,2,21,0.684931507,7.191780822,4.29,95.71,4.91,95.09
S:\Technion\SemesterE\ReadYourLife - project\ReadYourLife\code\resources\data\P2L4_ Thread Design Considerations\21 - Interrupt Handling.srt.res ,0.02006689,0.133995037,1,22,0.362318841,7.971014493,8.35,91.65,8.29,91.71
S:\Technion\SemesterE\ReadYourLife - project\ReadYourLife\code\resources\data\P2L4_ Thread Design Considerations\22 - Signal Handling.srt.res ,0.064480874,0.017438692,2,7,0.405679513,1.419878296,1.79,98.21,3,97
S:\Technion\SemesterE\ReadYourLife - project\ReadYourLife\code\resources\data\P2L4_ Thread Design Considerations\23 - Why Disable Interrupts or Signals.srt.res ,0.009941647,0.023201856,2,12,0.295420975,1.772525849,1.96,98.04,2.93,97.07
S:\Technion\SemesterE\ReadYourLife - project\ReadYourLife\code\resources\data\P2L4_ Thread Design Considerations\24 - More on Signal Masks.srt.res ,0.271875,0.146041507,16,25,14.41441441,22.52252252,24.78,75.22,15.97,84.03
S:\Technion\SemesterE\ReadYourLife - project\ReadYourLife\code\resources\data\P2L4_ Thread Design Considerations\25 - Interrupts on Multicore Systems.srt.res ,0.034098361,0.266820012,2,57,1.234567901,35.18518519,21.48,78.52,7.41,92.59
S:\Technion\SemesterE\ReadYourLife - project\ReadYourLife\code\resources\data\P2L4_ Thread Design Considerations\26 - Types of Signals.srt.res ,0.004790419,0.011455847,0,42,0,17.64705882,15.47,84.53,7.63,92.37
S:\Technion\SemesterE\ReadYourLife - project\ReadYourLife\code\resources\data\P2L4_ Thread Design Considerations\27 - Signals Quiz.srt.res ,0.014906832,0.095723014,0,29,0,34.93975904,42.29,57.71,23.24,76.76
S:\Technion\SemesterE\ReadYourLife - project\ReadYourLife\code\resources\data\P2L4_ Thread Design Considerations\28 - Signals Quiz.srt.res ,0.022744503,0.038992689,0,7,0,7.142857143,37.66,62.34,27.37,72.63
S:\Technion\SemesterE\ReadYourLife - project\ReadYourLife\code\resources\data\P2L4_ Thread Design Considerations\29 - Interrupts as Threads.srt.res ,0.007267442,0.038112944,0,11,0,1.903114187,6.16,93.84,2.7,97.3
S:\Technion\SemesterE\ReadYourLife - project\ReadYourLife\code\resources\data\P2L4_ Thread Design Considerations\30 - Interrupts Top vs Bottom Half.srt.res ,0.006174745,0.054054054,0,5,0,1.222493888,1.5,98.5,3.21,96.79
S:\Technion\SemesterE\ReadYourLife - project\ReadYourLife\code\resources\data\P2L4_ Thread Design Considerations\31 - Performance of Threads as Interrupts.srt.res ,0.003946719,0.107445806,0,0,0,0,16.64,83.36,10.69,89.31
S:\Technion\SemesterE\ReadYourLife - project\ReadYourLife\code\resources\data\P2L4_ Thread Design Considerations\32 - Threads and Signal Handling.srt.res ,0.006756757,0.083764706,2,16,0.854700855,6.837606838,8.93,91.07,6.66,93.34
S:\Technion\SemesterE\ReadYourLife - project\ReadYourLife\code\resources\data\P2L4_ Thread Design Considerations\33 - Threads and Signal Handling Case 1.srt.res ,0.010889292,0.108452951,1,2,0.99009901,1.98019802,16.82,83.18,20.22,79.78
S:\Technion\SemesterE\ReadYourLife - project\ReadYourLife\code\resources\data\P2L4_ Thread Design Considerations\34 - Threads and Signal Handling Case 2.srt.res ,0.012929293,0.007104796,3,1,0.831024931,0.27700831,7.42,92.58,3.37,96.63
S:\Technion\SemesterE\ReadYourLife - project\ReadYourLife\code\resources\data\P2L4_ Thread Design Considerations\35 - Threads and Signal Handling Case 3.srt.res ,0.013838014,0.000819672,2,14,0.687285223,4.810996564,4.49,95.51,11.66,88.34
S:\Technion\SemesterE\ReadYourLife - project\ReadYourLife\code\resources\data\P2L4_ Thread Design Considerations\36 - Threads and Signal Handling Case 4.srt.res ,0.032457952,0.03028083,0,51,0,8.931698774,6.17,93.83,2.35,97.65
S:\Technion\SemesterE\ReadYourLife - project\ReadYourLife\code\resources\data\P2L4_ Thread Design Considerations\37 - Tasks in Linux.srt.res ,0.00379661,0.02784844,1,18,0.087260035,1.570680628,2.44,97.56,1.74,98.26
S:\Technion\SemesterE\ReadYourLife - project\ReadYourLife\code\resources\data\P2L4_ Thread Design Considerations\38 - Lesson Summary.srt.res ,0.017714792,0.170442287,0,5,0,6.944444444,25,75,20.55,79.45
S:\Technion\SemesterE\ReadYourLife - project\ReadYourLife\code\resources\data\P2L4_ Thread Design Considerations\39 - Lesson Review.srt.res ,0.028230185,0.844444444,0,0,0,0,105.95,-5.95,24.4,75.6
S:\Technion\SemesterE\ReadYourLife - project\ReadYourLife\code\resources\data\P2L5_ Thread Performance Considerations\01 - Lesson Preview.srt.res ,0.124497992,0.223522528,0,16,0,12.40310078,10.56,89.44,13.73,86.27
S:\Technion\SemesterE\ReadYourLife - project\ReadYourLife\code\resources\data\P2L5_ Thread Performance Considerations\02 - Which Threading Model is Better.srt.res ,0.008042328,0.040687919,2,16,0.295420975,2.363367799,4.17,95.83,3.57,96.43
S:\Technion\SemesterE\ReadYourLife - project\ReadYourLife\code\resources\data\P2L5_ Thread Performance Considerations\03 - Are Threads Useful.srt.res ,0.005904931,0.152292152,1,11,0.192307692,2.115384615,4.04,95.96,4.33,95.67
S:\Technion\SemesterE\ReadYourLife - project\ReadYourLife\code\resources\data\P2L5_ Thread Performance Considerations\04 - Visual Metaphor.srt.res ,0.010135135,0.053200333,0,22,0,8.270676692,8.42,91.58,8.05,91.95
S:\Technion\SemesterE\ReadYourLife - project\ReadYourLife\code\resources\data\P2L5_ Thread Performance Considerations\05 - Performance Metrics Intro.srt.res ,0.026092629,0.237870331,0,41,0,16.4,13.6,86.4,7.03,92.97
S:\Technion\SemesterE\ReadYourLife - project\ReadYourLife\code\resources\data\P2L5_ Thread Performance Considerations\06 - Performance Metrics.srt.res ,0.010432191,0.057934956,0,21,0,2.536231884,3.08,96.92,2.25,97.75
S:\Technion\SemesterE\ReadYourLife - project\ReadYourLife\code\resources\data\P2L5_ Thread Performance Considerations\07 - Performance Metrics Summary.srt.res ,0.011530398,0.05487228,1,12,0.446428571,5.357142857,12.35,87.65,10.11,89.89
S:\Technion\SemesterE\ReadYourLife - project\ReadYourLife\code\resources\data\P2L5_ Thread Performance Considerations\08 - Really Are Threads Useful.srt.res ,0.009076175,0.001643385,1,4,0.219298246,0.877192982,7.42,92.58,4.56,95.44
S:\Technion\SemesterE\ReadYourLife - project\ReadYourLife\code\resources\data\P2L5_ Thread Performance Considerations\09 - Multi Process vs Multi Threaded.srt.res ,0.003093102,0.023961661,0,1,0,0.197628458,8.6,91.4,4.97,95.03
S:\Technion\SemesterE\ReadYourLife - project\ReadYourLife\code\resources\data\P2L5_ Thread Performance Considerations\10 - Multi Process Web Server.srt.res ,0.055636896,0.029995162,0,11,0,5.365853659,6.31,93.69,7.17,92.83
S:\Technion\SemesterE\ReadYourLife - project\ReadYourLife\code\resources\data\P2L5_ Thread Performance Considerations\11 - Multi Threaded Web Server.srt.res ,0.012493993,0.031757234,0,0,0,0,0.77,99.23,3.82,96.18
S:\Technion\SemesterE\ReadYourLife - project\ReadYourLife\code\resources\data\P2L5_ Thread Performance Considerations\12 - Event-Driven Model.srt.res ,0.00907441,0.003861004,1,0,0.209205021,0,4.99,95.01,3.38,96.62
S:\Technion\SemesterE\ReadYourLife - project\ReadYourLife\code\resources\data\P2L5_ Thread Performance Considerations\13 - Concurrency in the Event Driven Model.srt.res ,0.011579286,0.066376496,1,12,0.206185567,2.474226804,5.3,94.7,3.48,96.52
S:\Technion\SemesterE\ReadYourLife - project\ReadYourLife\code\resources\data\P2L5_ Thread Performance Considerations\14 - Event-Driven Model Why.srt.res ,0.003747658,0.148148148,0,0,0,0,4.39,95.61,6.87,93.13
S:\Technion\SemesterE\ReadYourLife - project\ReadYourLife\code\resources\data\P2L5_ Thread Performance Considerations\15 - Event-Driven Model How.srt.res ,0.055572154,0.011351909,0,12,0,2.23880597,3.57,96.43,5.92,94.08
S:\Technion\SemesterE\ReadYourLife - project\ReadYourLife\code\resources\data\P2L5_ Thread Performance Considerations\16 - Helper Threads and Processes.srt.res ,0.035137702,0.004017217,0,1,0,0.0999001,2.04,97.96,1.91,98.09
S:\Technion\SemesterE\ReadYourLife - project\ReadYourLife\code\resources\data\P2L5_ Thread Performance Considerations\17 - Models and Memory Quiz.srt.res ,0.1640625,0.136038186,0,20,0,28.16901408,31.12,68.88,13.04,86.96
S:\Technion\SemesterE\ReadYourLife - project\ReadYourLife\code\resources\data\P2L5_ Thread Performance Considerations\18 - Models and Memory Quiz.srt.res ,0.059134108,0.085365854,0,36,0,25,13.39,86.61,4.5,95.5
S:\Technion\SemesterE\ReadYourLife - project\ReadYourLife\code\resources\data\P2L5_ Thread Performance Considerations\19 - Flash Web Server.srt.res ,0.028970512,0.012744452,0,41,0,6.446540881,4.12,95.88,2.4,97.6
S:\Technion\SemesterE\ReadYourLife - project\ReadYourLife\code\resources\data\P2L5_ Thread Performance Considerations\20 - Apache Web Server.srt.res ,0.022356777,0.039631022,0,34,0,10.0591716,2.37,97.63,6.68,93.32
S:\Technion\SemesterE\ReadYourLife - project\ReadYourLife\code\resources\data\P2L5_ Thread Performance Considerations\21 - Experimental Methodology.srt.res ,0.032348367,0.010998308,0,12,0,1.171875,1.83,98.17,2.52,97.48
S:\Technion\SemesterE\ReadYourLife - project\ReadYourLife\code\resources\data\P2L5_ Thread Performance Considerations\22 - Experimental Results.srt.res ,0.021784667,0.03057554,0,10,0,0.865051903,1.67,98.33,2.03,97.97
S:\Technion\SemesterE\ReadYourLife - project\ReadYourLife\code\resources\data\P2L5_ Thread Performance Considerations\23 - Summary of Performance Results.srt.res ,0.027052239,0.005695688,0,8,0,3.053435115,8.23,91.77,9.55,90.45
S:\Technion\SemesterE\ReadYourLife - project\ReadYourLife\code\resources\data\P2L5_ Thread Performance Considerations\24 - Performance Observation Quiz.srt.res ,0.031347962,0.125603865,0,9,0,8.653846154,38.14,61.86,20.62,79.38
S:\Technion\SemesterE\ReadYourLife - project\ReadYourLife\code\resources\data\P2L5_ Thread Performance Considerations\25 - Performance Observation Quiz.srt.res ,0.015246637,0.029850746,1,29,0.429184549,12.44635193,12.04,87.96,10.11,89.89
S:\Technion\SemesterE\ReadYourLife - project\ReadYourLife\code\resources\data\P2L5_ Thread Performance Considerations\26 - Advice on Designing Experiments.srt.res ,0.001281914,0.040191388,2,40,0.142146411,2.842928216,1.96,98.04,1.84,98.16
S:\Technion\SemesterE\ReadYourLife - project\ReadYourLife\code\resources\data\P2L5_ Thread Performance Considerations\27 - Advice on Running Experiments.srt.res ,0.019522777,0.027,1,3,0.490196078,1.470588235,2.89,97.11,10.39,89.61
S:\Technion\SemesterE\ReadYourLife - project\ReadYourLife\code\resources\data\P2L5_ Thread Performance Considerations\28 - Experimental Design Quiz.srt.res ,0.019642857,0.079869601,2,45,0.677966102,15.25423729,13.15,86.85,7.13,92.87
S:\Technion\SemesterE\ReadYourLife - project\ReadYourLife\code\resources\data\P2L5_ Thread Performance Considerations\29 - Experimental Design Quiz.srt.res ,0.056030669,0.015682431,0,2,0,0.346620451,4.37,95.63,3.88,96.12
S:\Technion\SemesterE\ReadYourLife - project\ReadYourLife\code\resources\data\P2L5_ Thread Performance Considerations\30 - Lesson Summary.srt.res ,0.06504065,0.01980198,0,0,0,0,19.52,80.48,23.42,76.58
S:\Technion\SemesterE\ReadYourLife - project\ReadYourLife\code\resources\data\P2L5_ Thread Performance Considerations\31 - Lesson Review.srt.res ,0.884848485,0.0125,10,1,33.33333333,3.333333333,16.67,83.33,80.95,19.05
S:\Technion\SemesterE\ReadYourLife - project\ReadYourLife\code\resources\data\P3L2_ Memory Management\01 - Lesson Preview.srt.res ,0.281588448,0.012358393,5,1,4.06504065,0.81300813,20.43,79.57,27.94,72.06
S:\Technion\SemesterE\ReadYourLife - project\ReadYourLife\code\resources\data\P3L2_ Memory Management\02 - Visual Metaphor.srt.res ,0.029550034,0.004484305,0,1,0,0.213675214,4.8,95.2,2.4,97.6
S:\Technion\SemesterE\ReadYourLife - project\ReadYourLife\code\resources\data\P3L2_ Memory Management\03 - Memory Management Goals.srt.res ,0.005571705,0.004042806,4,5,0.325203252,0.406504065,2.42,97.58,2.9,97.1
S:\Technion\SemesterE\ReadYourLife - project\ReadYourLife\code\resources\data\P3L2_ Memory Management\04 - Memory Management Hardware Support.srt.res ,0.006098991,0.003606853,1,1,0.170068027,0.170068027,3.58,96.42,0.45,99.55
S:\Technion\SemesterE\ReadYourLife - project\ReadYourLife\code\resources\data\P3L2_ Memory Management\05 - Page Tables.srt.res ,0.003796868,0.006169031,0,2,0,0.2,3.2,96.8,2.73,97.27
S:\Technion\SemesterE\ReadYourLife - project\ReadYourLife\code\resources\data\P3L2_ Memory Management\06 - Page Table Entry.srt.res ,0.008095238,0.006889764,1,2,0.169491525,0.338983051,3.5,96.5,4.14,95.86
S:\Technion\SemesterE\ReadYourLife - project\ReadYourLife\code\resources\data\P3L2_ Memory Management\07 - Page Table Size.srt.res ,0.022813688,0.015852885,3,2,0.709219858,0.472813239,8.24,91.76,5.78,94.22
S:\Technion\SemesterE\ReadYourLife - project\ReadYourLife\code\resources\data\P3L2_ Memory Management\08 - Multi Level Page Tables.srt.res ,0.003066544,0.007413127,1,1,0.102564103,0.102564103,2.18,97.82,2.75,97.25
S:\Technion\SemesterE\ReadYourLife - project\ReadYourLife\code\resources\data\P3L2_ Memory Management\09 - Multi Level Page Table Quiz.srt.res ,0.015915119,0.021793797,1,0,1.086956522,0,34.52,65.48,31.89,68.11
S:\Technion\SemesterE\ReadYourLife - project\ReadYourLife\code\resources\data\P3L2_ Memory Management\10 - Multi Level Page Table Quiz.srt.res ,0.011137629,0.035117057,3,2,0.914634146,0.609756098,2.63,97.37,11.48,88.52
S:\Technion\SemesterE\ReadYourLife - project\ReadYourLife\code\resources\data\P3L2_ Memory Management\11 - Speeding Up Translation  TLB.srt.res ,0.008639309,0.002985075,1,2,0.228832952,0.457665904,2.53,97.47,3.7,96.3
S:\Technion\SemesterE\ReadYourLife - project\ReadYourLife\code\resources\data\P3L2_ Memory Management\12 - Inverted Page Tables.srt.res ,0.010775217,0.00296824,1,3,0.230414747,0.69124424,3,97,3.69,96.31
S:\Technion\SemesterE\ReadYourLife - project\ReadYourLife\code\resources\data\P3L2_ Memory Management\13 - Segmentation.srt.res ,0.009611534,0.021420921,2,2,0.628930818,0.628930818,6.39,93.61,4.42,95.58
S:\Technion\SemesterE\ReadYourLife - project\ReadYourLife\code\resources\data\P3L2_ Memory Management\14 - Page Size.srt.res ,0.002916869,0.006779661,2,4,0.338983051,0.677966102,2.68,97.32,2.83,97.17
S:\Technion\SemesterE\ReadYourLife - project\ReadYourLife\code\resources\data\P3L2_ Memory Management\15 - Page Table Size Quiz.srt.res ,0.004938272,0.008077544,1,2,1.111111111,2.222222222,23.82,76.18,24.02,75.98
S:\Technion\SemesterE\ReadYourLife - project\ReadYourLife\code\resources\data\P3L2_ Memory Management\16 - Page Table Size Quiz.srt.res ,0.007912957,0.001298701,1,5,0.653594771,3.267973856,25.22,74.78,5.45,94.55
S:\Technion\SemesterE\ReadYourLife - project\ReadYourLife\code\resources\data\P3L2_ Memory Management\17 - Memory Allocation.srt.res ,0.007203667,0.013360441,1,0,0.235294118,0,1.53,98.47,5.93,94.07
S:\Technion\SemesterE\ReadYourLife - project\ReadYourLife\code\resources\data\P3L2_ Memory Management\18 - Memory Allocation Challenges.srt.res ,0.004246285,0.007827789,0,2,0,0.403225806,5.94,94.06,4.6,95.4
S:\Technion\SemesterE\ReadYourLife - project\ReadYourLife\code\resources\data\P3L2_ Memory Management\19 - Linux Kernel Allocators.srt.res ,0.006079027,0.002999063,0,1,0,0.123304562,4.41,95.59,2.31,97.69
S:\Technion\SemesterE\ReadYourLife - project\ReadYourLife\code\resources\data\P3L2_ Memory Management\20 - Demand Paging.srt.res ,0.009551098,0.002357101,0,2,0,0.446428571,6.86,93.14,3.58,96.42
S:\Technion\SemesterE\ReadYourLife - project\ReadYourLife\code\resources\data\P3L2_ Memory Management\21 - Page Replacement.srt.res ,0.002327747,0.002726653,4,0,0.652528548,0,3.08,96.92,3.11,96.89
S:\Technion\SemesterE\ReadYourLife - project\ReadYourLife\code\resources\data\P3L2_ Memory Management\22 - Least Recently Used LRU Quiz.srt.res ,0.025373134,0.005939124,0,1,0,0.943396226,35.56,64.44,36.51,63.49
S:\Technion\SemesterE\ReadYourLife - project\ReadYourLife\code\resources\data\P3L2_ Memory Management\23 - Least Recently Used LRU Quiz.srt.res ,0.008791209,0.009527934,0,2,0,0.740740741,14.65,85.35,6.7,93.3
S:\Technion\SemesterE\ReadYourLife - project\ReadYourLife\code\resources\data\P3L2_ Memory Management\24 - Copy On Write.srt.res ,0.006137061,0.014575412,1,3,0.24691358,0.740740741,7.96,92.04,3.98,96.02
S:\Technion\SemesterE\ReadYourLife - project\ReadYourLife\code\resources\data\P3L2_ Memory Management\25 - Failure Management  Checkpointing.srt.res ,0.012048193,0.00422833,1,2,0.186567164,0.373134328,4.51,95.49,3.6,96.4
S:\Technion\SemesterE\ReadYourLife - project\ReadYourLife\code\resources\data\P3L2_ Memory Management\26 - Checkpointing Quiz.srt.res ,0.021929825,0.008818342,1,2,1.666666667,3.333333333,41.05,58.95,30.79,69.21
S:\Technion\SemesterE\ReadYourLife - project\ReadYourLife\code\resources\data\P3L2_ Memory Management\27 - Checkpointing Quiz.srt.res ,0.08983717,0.008413967,0,1,0,0.371747212,9.32,90.68,7.45,92.55
S:\Technion\SemesterE\ReadYourLife - project\ReadYourLife\code\resources\data\P3L2_ Memory Management\28 - Lesson Summary.srt.res ,0.122503329,0.005706134,0,1,0,1.041666667,16.28,83.72,8.6,91.4
S:\Technion\SemesterE\ReadYourLife - project\ReadYourLife\code\resources\data\P3L2_ Memory Management\29 - Lesson Review.srt.res ,0.027118644,0.014973262,0,1,0,3.225806452,91.02,8.98,113.77,-13.77
S:\Technion\SemesterE\ReadYourLife - project\ReadYourLife\code\resources\data\P3L3_ Inter-Process Communication\01 - Lesson Preview.srt.res ,0.028070175,0.036979969,0,2,0,4.255319149,78.01,21.99,78.01,21.99
S:\Technion\SemesterE\ReadYourLife - project\ReadYourLife\code\resources\data\P3L3_ Inter-Process Communication\02 - Visual Metaphor.srt.res ,0.014302741,0.009848485,0,2,0,0.641025641,12.17,87.83,9.04,90.96
S:\Technion\SemesterE\ReadYourLife - project\ReadYourLife\code\resources\data\P3L3_ Inter-Process Communication\03 - Inter Process Communication.srt.res ,0.004840662,0.073609368,0,0,0,0,9.59,90.41,6.5,93.5
S:\Technion\SemesterE\ReadYourLife - project\ReadYourLife\code\resources\data\P3L3_ Inter-Process Communication\04 - Message Based IPC.srt.res ,0.011532125,0.076728925,0,0,0,0,11.71,88.29,7.97,92.03
S:\Technion\SemesterE\ReadYourLife - project\ReadYourLife\code\resources\data\P3L3_ Inter-Process Communication\05 - Forms of Message Passing.srt.res ,0.010396717,0.060782412,0,1,0,0.208768267,5.29,94.71,4.16,95.84
S:\Technion\SemesterE\ReadYourLife - project\ReadYourLife\code\resources\data\P3L3_ Inter-Process Communication\06 - Shared Memory IPC.srt.res ,0.003984064,0.006029049,3,3,0.556586271,0.556586271,1.85,98.15,3.58,96.42
S:\Technion\SemesterE\ReadYourLife - project\ReadYourLife\code\resources\data\P3L3_ Inter-Process Communication\07 - IPC Comparison Quiz.srt.res ,0.003734827,0.02023919,0,1,0,2.325581395,84.93,15.07,86.03,13.97
S:\Technion\SemesterE\ReadYourLife - project\ReadYourLife\code\resources\data\P3L3_ Inter-Process Communication\08 - IPC Comparison Quiz.srt.res ,0.029831388,0.010558069,1,4,0.877192982,3.50877193,16.64,83.36,31.86,68.14
S:\Technion\SemesterE\ReadYourLife - project\ReadYourLife\code\resources\data\P3L3_ Inter-Process Communication\09 - Copy vs Map.srt.res ,0.002998501,0.069970845,2,0,0.62305296,0,7.48,92.52,6.02,93.98
S:\Technion\SemesterE\ReadYourLife - project\ReadYourLife\code\resources\data\P3L3_ Inter-Process Communication\10 - SysV Shared Memory.srt.res ,0.00399102,0.002806624,4,0,0.727272727,0,1.7,98.3,5.96,94.04
S:\Technion\SemesterE\ReadYourLife - project\ReadYourLife\code\resources\data\P3L3_ Inter-Process Communication\11 - SysV Shared Memory API.srt.res ,0.005398111,0.004786979,0,1,0,0.346020761,7.72,92.28,11.63,88.37
S:\Technion\SemesterE\ReadYourLife - project\ReadYourLife\code\resources\data\P3L3_ Inter-Process Communication\12 - POSIX Shared Memory API.srt.res ,0.07973695,0.003234153,1,0,0.257069409,0,6.98,93.02,6.75,93.25
S:\Technion\SemesterE\ReadYourLife - project\ReadYourLife\code\resources\data\P3L3_ Inter-Process Communication\13 - Shared Memory and Sync.srt.res ,0.009963768,0.001655629,0,0,0,0,13.67,86.33,7.55,92.45
S:\Technion\SemesterE\ReadYourLife - project\ReadYourLife\code\resources\data\P3L3_ Inter-Process Communication\14 - PThreads Sync for IPC.srt.res ,0.007968127,0.005350895,3,0,0.462962963,0,2.5,97.5,3.19,96.81
S:\Technion\SemesterE\ReadYourLife - project\ReadYourLife\code\resources\data\P3L3_ Inter-Process Communication\15 - Sync for Other IPC.srt.res ,0.005175601,0.00921659,1,3,0.27027027,0.810810811,4.97,95.03,3.96,96.04
S:\Technion\SemesterE\ReadYourLife - project\ReadYourLife\code\resources\data\P3L3_ Inter-Process Communication\16 - Message Queue Quiz.srt.res ,0.013771997,0.009426551,0,3,0,3.529411765,30.84,69.16,27.5,72.5
S:\Technion\SemesterE\ReadYourLife - project\ReadYourLife\code\resources\data\P3L3_ Inter-Process Communication\17 - Message Queue Quiz.srt.res ,0.017797553,0.010025063,0,2,0,3.389830508,38.28,61.72,41.93,58.07
S:\Technion\SemesterE\ReadYourLife - project\ReadYourLife\code\resources\data\P3L3_ Inter-Process Communication\18 - IPC Command Line Tools.srt.res ,0.013657056,0.026068067,0,3,0,2.97029703,34.15,65.85,33.45,66.55
S:\Technion\SemesterE\ReadYourLife - project\ReadYourLife\code\resources\data\P3L3_ Inter-Process Communication\19 - Shared Mem Design Considerations.srt.res ,0.007686395,0.018575851,3,1,3.157894737,1.052631579,32.57,67.43,29.73,70.27
S:\Technion\SemesterE\ReadYourLife - project\ReadYourLife\code\resources\data\P3L3_ Inter-Process Communication\20 - How Many Segments.srt.res ,0.015468608,0.002287021,6,0,2.459016393,0,2.94,97.06,12.44,87.56
S:\Technion\SemesterE\ReadYourLife - project\ReadYourLife\code\resources\data\P3L3_ Inter-Process Communication\21 - Design Considerations.srt.res ,0.108974359,0.03589456,1,2,0.5,1,7.78,92.22,19.93,80.07
S:\Technion\SemesterE\ReadYourLife - project\ReadYourLife\code\resources\data\P3L3_ Inter-Process Communication\22 - Lesson Summary.srt.res ,0.003267974,0.011484824,0,0,0,0,30.63,69.37,29.73,70.27
S:\Technion\SemesterE\ReadYourLife - project\ReadYourLife\code\resources\data\P3L3_ Inter-Process Communication\23 - Lesson Review.srt.res ,0.041904762,0.01799775,0,0,0,0,71.86,28.14,94.01,5.99
S:\Technion\SemesterE\ReadYourLife - project\ReadYourLife\code\resources\data\P3L4_ Synchronization Constructs\01 - Lesson Preview.srt.res ,0.092879257,0.223812622,1,11,0.847457627,9.322033898,16.6,83.4,22.3,77.7
S:\Technion\SemesterE\ReadYourLife - project\ReadYourLife\code\resources\data\P3L4_ Synchronization Constructs\02 - Visual Metaphor.srt.res ,0.00617284,0.038807043,0,14,0,4.12979351,9.32,90.68,3.55,96.45
S:\Technion\SemesterE\ReadYourLife - project\ReadYourLife\code\resources\data\P3L4_ Synchronization Constructs\03 - More About Synchronization.srt.res ,0.00273224,0.014472777,0,0,0,0,9.96,90.04,9.22,90.78
S:\Technion\SemesterE\ReadYourLife - project\ReadYourLife\code\resources\data\P3L4_ Synchronization Constructs\04 - Spinlocks.srt.res ,0.077359464,0.015873016,0,0,0,0,4.97,95.03,6.07,93.93
S:\Technion\SemesterE\ReadYourLife - project\ReadYourLife\code\resources\data\P3L4_ Synchronization Constructs\05 - Semaphores.srt.res ,0.049902534,0.011107683,0,1,0,0.238663484,5.48,94.52,4.43,95.57
S:\Technion\SemesterE\ReadYourLife - project\ReadYourLife\code\resources\data\P3L4_ Synchronization Constructs\06 - POSIX Semaphores.srt.res ,0.014073495,0.007739938,2,0,2.43902439,0,28.33,71.67,30.21,69.79
S:\Technion\SemesterE\ReadYourLife - project\ReadYourLife\code\resources\data\P3L4_ Synchronization Constructs\07 - Mutex Via Semaphore Quiz.srt.res ,0.058666667,0.019486271,1,0,1.851851852,0,32.9,67.1,71.29,28.71
S:\Technion\SemesterE\ReadYourLife - project\ReadYourLife\code\resources\data\P3L4_ Synchronization Constructs\08 - Mutex Via Semaphore Quiz.srt.res ,0.011121409,0.02247191,0,2,0,1.470588235,25.36,74.64,14.49,85.51
S:\Technion\SemesterE\ReadYourLife - project\ReadYourLife\code\resources\data\P3L4_ Synchronization Constructs\09 - Reader Writer Locks.srt.res ,0.034637588,0.022263451,2,0,1.550387597,0,15.14,84.86,15.85,84.15
S:\Technion\SemesterE\ReadYourLife - project\ReadYourLife\code\resources\data\P3L4_ Synchronization Constructs\10 - Using Reader Writer Locks.srt.res ,0.007082539,0.008839128,0,0,0,0,4.2,95.8,5.83,94.17
S:\Technion\SemesterE\ReadYourLife - project\ReadYourLife\code\resources\data\P3L4_ Synchronization Constructs\11 - Monitors.srt.res ,0.015162455,0.011879508,1,1,0.31152648,0.31152648,4.37,95.63,10.54,89.46
S:\Technion\SemesterE\ReadYourLife - project\ReadYourLife\code\resources\data\P3L4_ Synchronization Constructs\12 - More Synchronization Constructs.srt.res ,0.008888889,0.010585305,3,0,0.78125,0,7.8,92.2,3.84,96.16
S:\Technion\SemesterE\ReadYourLife - project\ReadYourLife\code\resources\data\P3L4_ Synchronization Constructs\13 - Sync Building Block  Spinlock.srt.res ,0.014986376,0.013880126,1,1,0.819672131,0.819672131,27.26,72.74,14.05,85.95
S:\Technion\SemesterE\ReadYourLife - project\ReadYourLife\code\resources\data\P3L4_ Synchronization Constructs\14 - Spinlock Quiz 1.srt.res ,0.025062657,0.0075,1,1,0.684931507,0.684931507,20.69,79.31,13.46,86.54
S:\Technion\SemesterE\ReadYourLife - project\ReadYourLife\code\resources\data\P3L4_ Synchronization Constructs\15 - Spinlock Quiz 1.srt.res ,0.023391813,0.013483146,0,2,0,1.19047619,6.15,93.85,10.12,89.88
S:\Technion\SemesterE\ReadYourLife - project\ReadYourLife\code\resources\data\P3L4_ Synchronization Constructs\16 - Spinlock Quiz 2.srt.res ,0.165680473,0.012241775,0,0,0,0,16.19,83.81,31.32,68.68
S:\Technion\SemesterE\ReadYourLife - project\ReadYourLife\code\resources\data\P3L4_ Synchronization Constructs\17 - Spinlock Quiz 2.srt.res ,0.017621145,0.00847009,4,1,2.197802198,0.549450549,15.51,84.49,12,88
S:\Technion\SemesterE\ReadYourLife - project\ReadYourLife\code\resources\data\P3L4_ Synchronization Constructs\18 - Need for Hardware Support.srt.res ,0.027598896,0.005722461,0,1,0,0.884955752,13.03,86.97,4.11,95.89
S:\Technion\SemesterE\ReadYourLife - project\ReadYourLife\code\resources\data\P3L4_ Synchronization Constructs\19 - Atomic Instructions.srt.res ,0.003148367,0.004317111,1,1,0.145985401,0.145985401,1.66,98.34,1.97,98.03
S:\Technion\SemesterE\ReadYourLife - project\ReadYourLife\code\resources\data\P3L4_ Synchronization Constructs\20 - Shared Memory Multiprocessors.srt.res ,0.007616146,0.005310674,2,1,0.375234522,0.187617261,1.61,98.39,5.31,94.69
S:\Technion\SemesterE\ReadYourLife - project\ReadYourLife\code\resources\data\P3L4_ Synchronization Constructs\21 - Cache Coherence.srt.res ,0.052216481,0.003731343,0,0,0,0,5.11,94.89,1.04,98.96
S:\Technion\SemesterE\ReadYourLife - project\ReadYourLife\code\resources\data\P3L4_ Synchronization Constructs\22 - Cache Coherence and Atomics.srt.res ,0.010146561,0.00269179,1,1,0.199203187,0.199203187,4.3,95.7,7.3,92.7
S:\Technion\SemesterE\ReadYourLife - project\ReadYourLife\code\resources\data\P3L4_ Synchronization Constructs\23 - Spinlock Performance Metrics.srt.res ,0.012057272,0.012953368,1,0,0.256410256,0,5.18,94.82,5.66,94.34
S:\Technion\SemesterE\ReadYourLife - project\ReadYourLife\code\resources\data\P3L4_ Synchronization Constructs\24 - Conflicting Metrics Quiz.srt.res ,0.018691589,0.027692308,1,0,1.298701299,0,23.83,76.17,32.79,67.21
S:\Technion\SemesterE\ReadYourLife - project\ReadYourLife\code\resources\data\P3L4_ Synchronization Constructs\25 - Conflicting Metrics Quiz.srt.res ,0.022891566,0.014002334,0,4,0,2.366863905,5.01,94.99,8.98,91.02
S:\Technion\SemesterE\ReadYourLife - project\ReadYourLife\code\resources\data\P3L4_ Synchronization Constructs\26 - Test and Set Spinlock.srt.res ,0.052964189,0.008497876,0,2,0,0.367647059,3.15,96.85,5.02,94.98
S:\Technion\SemesterE\ReadYourLife - project\ReadYourLife\code\resources\data\P3L4_ Synchronization Constructs\27 - Test and Test and Set Spinlock.srt.res ,0.002108222,0.002466091,4,1,0.430570506,0.107642626,1.99,98.01,2.57,97.43
S:\Technion\SemesterE\ReadYourLife - project\ReadYourLife\code\resources\data\P3L4_ Synchronization Constructs\28 - Test and Test and Set Spinlock Quiz.srt.res ,0.006833713,0.006158584,0,2,0,2.469135802,24.35,75.65,27.97,72.03
S:\Technion\SemesterE\ReadYourLife - project\ReadYourLife\code\resources\data\P3L4_ Synchronization Constructs\29 - Test and Test and Set Spinlock Quiz.srt.res ,0.013916501,0.004409171,0,1,0,0.4048583,11.64,88.36,11.78,88.22
S:\Technion\SemesterE\ReadYourLife - project\ReadYourLife\code\resources\data\P3L4_ Synchronization Constructs\30 - Spinlock Delay Alternatives.srt.res ,0.004945055,0.006797386,3,4,0.548446069,0.731261426,5.62,94.38,2.55,97.45
S:\Technion\SemesterE\ReadYourLife - project\ReadYourLife\code\resources\data\P3L4_ Synchronization Constructs\31 - Picking a Delay.srt.res ,0.00379301,0.008680112,1,2,0.163666121,0.327332242,5.52,94.48,3.92,96.08
S:\Technion\SemesterE\ReadYourLife - project\ReadYourLife\code\resources\data\P3L4_ Synchronization Constructs\32 - Queueing Lock.srt.res ,0.005297234,0.010780287,1,3,0.179856115,0.539568345,6.42,93.58,3.56,96.44
S:\Technion\SemesterE\ReadYourLife - project\ReadYourLife\code\resources\data\P3L4_ Synchronization Constructs\33 - Queueing Lock Implementation.srt.res ,0.003711264,0.005567929,2,5,0.24968789,0.624219725,1.99,98.01,1.58,98.42
S:\Technion\SemesterE\ReadYourLife - project\ReadYourLife\code\resources\data\P3L4_ Synchronization Constructs\34 - Queueing Lock Array Quiz.srt.res ,0.027455121,0.027422303,0,0,0,0,39.55,60.45,20.15,79.85
S:\Technion\SemesterE\ReadYourLife - project\ReadYourLife\code\resources\data\P3L4_ Synchronization Constructs\35 - Queueing Lock Array Quiz.srt.res ,0.02739726,0.011656953,1,2,1.149425287,2.298850575,24.31,75.69,22.17,77.83
S:\Technion\SemesterE\ReadYourLife - project\ReadYourLife\code\resources\data\P3L4_ Synchronization Constructs\36 - Spinlock Performance Comparisons.srt.res ,0.000666333,0.007025761,0,2,0,0.239520958,2.67,97.33,2.24,97.76
S:\Technion\SemesterE\ReadYourLife - project\ReadYourLife\code\resources\data\P3L4_ Synchronization Constructs\37 - Lesson Summary.srt.res ,0.049065421,0.029232643,1,1,1.666666667,1.666666667,17.79,82.21,19.59,80.41
S:\Technion\SemesterE\ReadYourLife - project\ReadYourLife\code\resources\data\P3L4_ Synchronization Constructs\38 - Lesson Review.srt.res ,0.878980892,0.01910828,0,1,0,3.225806452,18.56,81.44,88.62,11.38
S:\Technion\SemesterE\ReadYourLife - project\ReadYourLife\code\resources\data\P3L5-iO Management Videos\01 - Lesson Preview.srt.res ,0.095371669,0.009259259,0,3,0,2.912621359,13.63,86.37,15.37,84.63
S:\Technion\SemesterE\ReadYourLife - project\ReadYourLife\code\resources\data\P3L5-iO Management Videos\02 - Visual Metaphor.srt.res ,0.007360321,0.006407974,1,1,0.275482094,0.275482094,3.19,96.81,9.22,90.78
S:\Technion\SemesterE\ReadYourLife - project\ReadYourLife\code\resources\data\P3L5-iO Management Videos\03 - IO Devices.srt.res ,0.021126761,0.012720848,1,0,1.030927835,0,11.44,88.56,14.99,85.01
S:\Technion\SemesterE\ReadYourLife - project\ReadYourLife\code\resources\data\P3L5-iO Management Videos\04 - IO Devices Quiz.srt.res ,0.02016129,0.015748031,0,0,0,0,77.42,22.58,81.05,18.95
S:\Technion\SemesterE\ReadYourLife - project\ReadYourLife\code\resources\data\P3L5-iO Management Videos\05 - IO Devices Quiz.srt.res ,0.008718396,0.052459016,3,2,3.092783505,2.06185567,29.97,70.03,33.55,66.45
S:\Technion\SemesterE\ReadYourLife - project\ReadYourLife\code\resources\data\P3L5-iO Management Videos\06 - IO Device Features.srt.res ,0.007258065,0.006116208,3,0,1.041666667,0,4.62,95.38,10.16,89.84
S:\Technion\SemesterE\ReadYourLife - project\ReadYourLife\code\resources\data\P3L5-iO Management Videos\07 - CPU Device Interconnect.srt.res ,0.009040683,0.01440144,0,2,0,0.778210117,1.64,98.36,13.05,86.95
S:\Technion\SemesterE\ReadYourLife - project\ReadYourLife\code\resources\data\P3L5-iO Management Videos\08 - Device Drivers.srt.res ,0.003212335,0.007936508,0,3,0,0.717703349,4.15,95.85,3.32,96.68
S:\Technion\SemesterE\ReadYourLife - project\ReadYourLife\code\resources\data\P3L5-iO Management Videos\09 - Types of Devices.srt.res ,0.003656307,0.023971493,0,3,0,0.795755968,6.84,93.16,3.68,96.32
S:\Technion\SemesterE\ReadYourLife - project\ReadYourLife\code\resources\data\P3L5-iO Management Videos\10 - IO Devices as Files Quiz.srt.res ,0.021486124,0.018755328,1,0,1.587301587,0,31.45,68.55,44.09,55.91
S:\Technion\SemesterE\ReadYourLife - project\ReadYourLife\code\resources\data\P3L5-iO Management Videos\11 - IO Devices as Files Quiz.srt.res ,0.014450867,0.020025031,0,0,0,0,35.49,64.51,29.44,70.56
S:\Technion\SemesterE\ReadYourLife - project\ReadYourLife\code\resources\data\P3L5-iO Management Videos\12 - Pseudo Devices Quiz.srt.res ,0.008821676,0.031347962,0,2,0,1.449275362,15.75,84.25,20.19,79.81
S:\Technion\SemesterE\ReadYourLife - project\ReadYourLife\code\resources\data\P3L5-iO Management Videos\13 - Pseudo Devices Quiz.srt.res ,0.02241594,0.055718475,0,14,0,23.33333333,28.73,71.27,29.3,70.7
S:\Technion\SemesterE\ReadYourLife - project\ReadYourLife\code\resources\data\P3L5-iO Management Videos\14 - Looking at Dev Quiz.srt.res ,0.037218413,0.162679426,2,4,2.127659574,4.255319149,26.72,73.28,25.42,74.58
S:\Technion\SemesterE\ReadYourLife - project\ReadYourLife\code\resources\data\P3L5-iO Management Videos\15 - Looking at Dev Quiz.srt.res ,0.033830846,0.01627907,0,1,0,1.369863014,35.67,64.33,22.35,77.65
S:\Technion\SemesterE\ReadYourLife - project\ReadYourLife\code\resources\data\P3L5-iO Management Videos\16 - CPU Device Interactions.srt.res ,0.004409603,0.132655419,0,12,0,1.97044335,4.27,95.73,3.2,96.8
S:\Technion\SemesterE\ReadYourLife - project\ReadYourLife\code\resources\data\P3L5-iO Management Videos\17 - Device Access  PIO.srt.res ,0.010405054,0.219026549,0,22,0,6.626506024,3.24,96.76,8.23,91.77
S:\Technion\SemesterE\ReadYourLife - project\ReadYourLife\code\resources\data\P3L5-iO Management Videos\18 - Device Access  DMA.srt.res ,0.040727273,0.040445487,0,1,0,0.222222222,3.5,96.5,5.93,94.07
S:\Technion\SemesterE\ReadYourLife - project\ReadYourLife\code\resources\data\P3L5-iO Management Videos\19 - DMA vs PIO Quiz.srt.res ,0.109090909,0.153481013,0,8,0,7.079646018,19.18,80.82,23.59,76.41
S:\Technion\SemesterE\ReadYourLife - project\ReadYourLife\code\resources\data\P3L5-iO Management Videos\20 - DMA vs PIO Quiz.srt.res ,0.110998991,0.074719801,0,7,0,4.827586207,11.8,88.2,19.98,80.02
S:\Technion\SemesterE\ReadYourLife - project\ReadYourLife\code\resources\data\P3L5-iO Management Videos\21 - Typical Device Access.srt.res ,0.006058311,0.042940794,0,25,0,6.476683938,7.57,92.43,4.02,95.98
S:\Technion\SemesterE\ReadYourLife - project\ReadYourLife\code\resources\data\P3L5-iO Management Videos\22 - OS Bypass.srt.res ,0.034952338,0.021565495,0,45,0,6.382978723,2.78,97.22,4.22,95.78
S:\Technion\SemesterE\ReadYourLife - project\ReadYourLife\code\resources\data\P3L5-iO Management Videos\23 - Sync vs Async Access.srt.res ,0.06017192,0.095505618,0,19,0,5.705705706,7.39,92.61,9.3,90.7
S:\Technion\SemesterE\ReadYourLife - project\ReadYourLife\code\resources\data\P3L5-iO Management Videos\24 - Block Device Stack.srt.res ,0.004122767,0.008573178,0,3,0,0.45045045,2.8,97.2,3.37,96.63
S:\Technion\SemesterE\ReadYourLife - project\ReadYourLife\code\resources\data\P3L5-iO Management Videos\25 - Block Device Quiz.srt.res ,0.006382979,0.019490255,2,2,2.197802198,2.197802198,29.08,70.92,30.39,69.61
S:\Technion\SemesterE\ReadYourLife - project\ReadYourLife\code\resources\data\P3L5-iO Management Videos\26 - Block Device Quiz.srt.res ,0.026446281,0.030264817,0,2,0,4.545454545,84.64,15.36,77.86,22.14
S:\Technion\SemesterE\ReadYourLife - project\ReadYourLife\code\resources\data\P3L5-iO Management Videos\27 - Virtual File System.srt.res ,0.101324122,0.011771001,0,2,0,0.757575758,6.78,93.22,14.81,85.19
S:\Technion\SemesterE\ReadYourLife - project\ReadYourLife\code\resources\data\P3L5-iO Management Videos\28 - Virtual File System Abstractions.srt.res ,0.050851767,0.001739509,0,1,0,0.160513644,3.87,96.13,4.53,95.47
S:\Technion\SemesterE\ReadYourLife - project\ReadYourLife\code\resources\data\P3L5-iO Management Videos\29 - VFS on Disk.srt.res ,0.012121212,0.035838726,2,4,0.934579439,1.869158879,18.87,81.13,10.02,89.98
S:\Technion\SemesterE\ReadYourLife - project\ReadYourLife\code\resources\data\P3L5-iO Management Videos\30 - ext2  Second Extended Filesystem.srt.res ,0.045697965,0.005680204,0,2,0,0.429184549,3.85,96.15,5.73,94.27
S:\Technion\SemesterE\ReadYourLife - project\ReadYourLife\code\resources\data\P3L5-iO Management Videos\31 - inodes.srt.res ,0.014662757,0.0129835,0,5,0,0.950570342,5.76,94.24,4.73,95.27
S:\Technion\SemesterE\ReadYourLife - project\ReadYourLife\code\resources\data\P3L5-iO Management Videos\32 - inodes with Indirect Pointers.srt.res ,0.015006002,0.004557106,0,0,0,0,5.07,94.93,2.3,97.7
S:\Technion\SemesterE\ReadYourLife - project\ReadYourLife\code\resources\data\P3L5-iO Management Videos\33 - inode Quiz.srt.res ,0.040712468,0.037162162,1,0,1.149425287,0,45.04,54.96,22.93,77.07
S:\Technion\SemesterE\ReadYourLife - project\ReadYourLife\code\resources\data\P3L5-iO Management Videos\34 - inode Quiz.srt.res ,0.007627119,0.017798595,1,0,0.344827586,0,12.68,87.32,5.89,94.11
S:\Technion\SemesterE\ReadYourLife - project\ReadYourLife\code\resources\data\P3L5-iO Management Videos\35 - Disk Access Optimizations.srt.res ,0.026235652,0.002797203,0,4,0,0.563380282,1.91,98.09,3.53,96.47
S:\Technion\SemesterE\ReadYourLife - project\ReadYourLife\code\resources\data\P3L5-iO Management Videos\36 - Lesson Summary.srt.res ,0.03030303,0.01399825,1,0,1.639344262,0,16.93,83.07,35.45,64.55
S:\Technion\SemesterE\ReadYourLife - project\ReadYourLife\code\resources\data\P3L5-iO Management Videos\37 - Lesson Review.srt.res ,0.284482759,0.007736944,0,1,0,3.225806452,77.25,22.75,71.86,28.14
S:\Technion\SemesterE\ReadYourLife - project\ReadYourLife\code\resources\data\P3L6_ Virtualization\01 - Lesson Preview.srt.res ,0.019133371,0.053772767,2,0,1.351351351,0,13.44,86.56,5.16,94.84
S:\Technion\SemesterE\ReadYourLife - project\ReadYourLife\code\resources\data\P3L6_ Virtualization\02 - What is Virtualization.srt.res ,0.019581364,0.006199148,2,0,0.680272109,0,4.88,95.12,3.57,96.43
S:\Technion\SemesterE\ReadYourLife - project\ReadYourLife\code\resources\data\P3L6_ Virtualization\03 - Defining Virtualization.srt.res ,0.009179575,0.025515211,0,0,0,0,4.62,95.38,4.55,95.45
S:\Technion\SemesterE\ReadYourLife - project\ReadYourLife\code\resources\data\P3L6_ Virtualization\04 - Virtualization Tech Quiz.srt.res ,0.031830239,0.044117647,0,0,0,0,35.78,64.22,31.38,68.62
S:\Technion\SemesterE\ReadYourLife - project\ReadYourLife\code\resources\data\P3L6_ Virtualization\05 - Virtualization Tech Quiz.srt.res ,0.069565217,0.016438356,0,1,0,0.684931507,9.64,90.36,14.55,85.45
S:\Technion\SemesterE\ReadYourLife - project\ReadYourLife\code\resources\data\P3L6_ Virtualization\06 - Benefits of Virtualization.srt.res ,0.005508262,0.008084891,1,0,0.23923445,0,2.83,97.17,1.32,98.68
S:\Technion\SemesterE\ReadYourLife - project\ReadYourLife\code\resources\data\P3L6_ Virtualization\07 - Benefits of Virtualization Quiz 1.srt.res ,0.016336056,0.047225502,0,0,0,0,32.98,67.02,30.56,69.44
S:\Technion\SemesterE\ReadYourLife - project\ReadYourLife\code\resources\data\P3L6_ Virtualization\08 - Benefits of Virtualization Quiz 1.srt.res ,0.014652015,0.03063178,0,0,0,0,24.41,75.59,16.02,83.98
S:\Technion\SemesterE\ReadYourLife - project\ReadYourLife\code\resources\data\P3L6_ Virtualization\09 - Benefits of Virtualization Quiz 2.srt.res ,0.139240506,0.002181025,0,1,0,1.492537313,35.04,64.96,19.23,80.77
S:\Technion\SemesterE\ReadYourLife - project\ReadYourLife\code\resources\data\P3L6_ Virtualization\10 - Benefits of Virtualization Quiz 2.srt.res ,0.013276434,0.002504174,0,0,0,0,5.56,94.44,4.72,95.28
S:\Technion\SemesterE\ReadYourLife - project\ReadYourLife\code\resources\data\P3L6_ Virtualization\11 - Virtualization Models  Bare Metal.srt.res ,0.039800995,0.004511617,0,1,0,0.194931774,2.48,97.52,2.99,97.01
S:\Technion\SemesterE\ReadYourLife - project\ReadYourLife\code\resources\data\P3L6_ Virtualization\12 - Virtualization Models  Hosted.srt.res ,0.003054212,0.000478469,1,0,0.214132762,0,2.81,97.19,1.72,98.28
S:\Technion\SemesterE\ReadYourLife - project\ReadYourLife\code\resources\data\P3L6_ Virtualization\13 - Bare Metal or Hosted Quiz.srt.res ,0.123893805,0.015885624,0,0,0,0,14.56,85.44,37.72,62.28
S:\Technion\SemesterE\ReadYourLife - project\ReadYourLife\code\resources\data\P3L6_ Virtualization\14 - Bare Metal or Hosted Quiz.srt.res ,0.034852547,0.017994859,2,1,3.125,1.5625,46.51,53.49,24.89,75.11
S:\Technion\SemesterE\ReadYourLife - project\ReadYourLife\code\resources\data\P3L6_ Virtualization\15 - Virtualization Requirements Quiz.srt.res ,0.141882674,0.022988506,0,1,0,1.219512195,16.53,83.47,37.06,62.94
S:\Technion\SemesterE\ReadYourLife - project\ReadYourLife\code\resources\data\P3L6_ Virtualization\16 - Virtualization Requirements Quiz.srt.res ,0.079232694,0.003858025,0,0,0,0,6.63,93.37,3.16,96.84
S:\Technion\SemesterE\ReadYourLife - project\ReadYourLife\code\resources\data\P3L6_ Virtualization\17 - Hardware Protection Levels.srt.res ,0.002288984,0.006341885,1,1,0.263852243,0.263852243,4.09,95.91,2.74,97.26
S:\Technion\SemesterE\ReadYourLife - project\ReadYourLife\code\resources\data\P3L6_ Virtualization\18 - Processor Virtualization.srt.res ,0.010190217,0.011486918,0,0,0,0,6.68,93.32,1.77,98.23
S:\Technion\SemesterE\ReadYourLife - project\ReadYourLife\code\resources\data\P3L6_ Virtualization\19 - x86 Virtualization in the Past.srt.res ,0.002965159,0.009472687,1,0,0.302114804,0,9.19,90.81,6.75,93.25
S:\Technion\SemesterE\ReadYourLife - project\ReadYourLife\code\resources\data\P3L6_ Virtualization\20 - Problematic Instructions Quiz.srt.res ,0.016949153,0.006441224,1,0,0.961538462,0,17.15,82.85,19.11,80.89
S:\Technion\SemesterE\ReadYourLife - project\ReadYourLife\code\resources\data\P3L6_ Virtualization\21 - Problematic Instructions Quiz.srt.res ,0.052966102,0.038461538,0,0,0,0,23.08,76.92,21.37,78.63
S:\Technion\SemesterE\ReadYourLife - project\ReadYourLife\code\resources\data\P3L6_ Virtualization\22 - Binary Translation.srt.res ,0.003727866,0.00555427,2,0,0.41322314,0,2.23,97.77,2.7,97.3
S:\Technion\SemesterE\ReadYourLife - project\ReadYourLife\code\resources\data\P3L6_ Virtualization\23 - Paravirtualization.srt.res ,0.005905512,0.025615764,3,2,1.006711409,0.67114094,3.84,96.16,3.31,96.69
S:\Technion\SemesterE\ReadYourLife - project\ReadYourLife\code\resources\data\P3L6_ Virtualization\24 - BT and PV Quiz.srt.res ,0.029545455,0.011131725,0,0,0,0,69.4,30.6,53,47
S:\Technion\SemesterE\ReadYourLife - project\ReadYourLife\code\resources\data\P3L6_ Virtualization\25 - BT and PV Quiz.srt.res ,0.015957447,0.019512195,0,2,0,2.739726027,43.68,56.32,28.48,71.52
S:\Technion\SemesterE\ReadYourLife - project\ReadYourLife\code\resources\data\P3L6_ Virtualization\26 - Memory Virtualization  Full.srt.res ,0.006100041,0.003858025,1,1,0.163934426,0.163934426,1.33,98.67,5.16,94.84
S:\Technion\SemesterE\ReadYourLife - project\ReadYourLife\code\resources\data\P3L6_ Virtualization\27 - Memory Virtualization  Paravirtualized.srt.res ,0.006629834,0.008626887,3,0,1.060070671,0,2.29,97.71,4,96
S:\Technion\SemesterE\ReadYourLife - project\ReadYourLife\code\resources\data\P3L6_ Virtualization\28 - Device Virtualization.srt.res ,0.004895961,0.003985652,0,0,0,0,3.8,96.2,4.48,95.52
S:\Technion\SemesterE\ReadYourLife - project\ReadYourLife\code\resources\data\P3L6_ Virtualization\29 - Passthrough Model.srt.res ,0.002128226,0.001141878,1,0,0.22172949,0,5.43,94.57,6.49,93.51
S:\Technion\SemesterE\ReadYourLife - project\ReadYourLife\code\resources\data\P3L6_ Virtualization\30 - Hypervisor Direct Model.srt.res ,0.015656909,0.008003201,3,5,1.045296167,1.742160279,7.68,92.32,7.78,92.22
S:\Technion\SemesterE\ReadYourLife - project\ReadYourLife\code\resources\data\P3L6_ Virtualization\31 - Split Device Driver Model.srt.res ,0.003054212,0.010635604,1,0,0.230414747,0,5.19,94.81,3.22,96.78
S:\Technion\SemesterE\ReadYourLife - project\ReadYourLife\code\resources\data\P3L6_ Virtualization\32 - Hardware Virtualization.srt.res ,0.009186352,0.002591093,1,2,0.134408602,0.268817204,1.73,98.27,2.33,97.67
S:\Technion\SemesterE\ReadYourLife - project\ReadYourLife\code\resources\data\P3L6_ Virtualization\33 - Hardware Virtualization Quiz.srt.res ,0.217171717,0.305343511,0,3,0,7.317073171,30.56,69.44,29.51,70.49
S:\Technion\SemesterE\ReadYourLife - project\ReadYourLife\code\resources\data\P3L6_ Virtualization\34 - Hardware Virtualization Quiz.srt.res ,0.024034335,0.106060606,0,6,0,10.52631579,28.33,71.67,18.57,81.43
S:\Technion\SemesterE\ReadYourLife - project\ReadYourLife\code\resources\data\P3L6_ Virtualization\35 - x86 VT Revolution.srt.res ,0.018109381,0.036255768,0,7,0,2.356902357,6.4,93.6,3.24,96.76
S:\Technion\SemesterE\ReadYourLife - project\ReadYourLife\code\resources\data\P3L6_ Virtualization\36 - Lesson Summary.srt.res ,0.016071429,0.034188034,0,5,0,6.756756757,34.77,65.23,28.47,71.53
S:\Technion\SemesterE\ReadYourLife - project\ReadYourLife\code\resources\data\P3L6_ Virtualization\37 - Lesson Review.srt.res ,0.021778584,0.855384615,0,0,0,0,72.47,27.53,22.47,77.53
S:\Technion\SemesterE\ReadYourLife - project\ReadYourLife\code\resources\data\P4L1_ Remote Procedure Calls\01 - Lesson Preview.srt.res ,0.145015106,0.018004501,0,0,0,0,10.09,89.91,12.33,87.67
S:\Technion\SemesterE\ReadYourLife - project\ReadYourLife\code\resources\data\P4L1_ Remote Procedure Calls\02 - Why RPC.srt.res ,0.010315534,0.043307087,0,0,0,0,1.36,98.64,3.36,96.64
S:\Technion\SemesterE\ReadYourLife - project\ReadYourLife\code\resources\data\P4L1_ Remote Procedure Calls\03 - Benefits of RPC.srt.res ,0.065196548,0.013675214,0,0,0,0,16.37,83.63,16.89,83.11
S:\Technion\SemesterE\ReadYourLife - project\ReadYourLife\code\resources\data\P4L1_ Remote Procedure Calls\04 - RPC Requirements.srt.res ,0.078513845,0.032406481,51,0,6.359102244,0,2.61,97.39,3.87,96.13
S:\Technion\SemesterE\ReadYourLife - project\ReadYourLife\code\resources\data\P4L1_ Remote Procedure Calls\05 - Structure of RPC.srt.res ,0.004980907,0.017595308,1,1,0.107296137,0.107296137,3.85,96.15,0.87,99.13
S:\Technion\SemesterE\ReadYourLife - project\ReadYourLife\code\resources\data\P4L1_ Remote Procedure Calls\06 - Steps in RPC.srt.res ,0.011575901,0.004103616,0,1,0,0.171821306,5.03,94.97,4.74,95.26
S:\Technion\SemesterE\ReadYourLife - project\ReadYourLife\code\resources\data\P4L1_ Remote Procedure Calls\07 - Interface Definition Language.srt.res ,0.019386107,0.077504726,2,0,1.234567901,0,16.47,83.53,21.01,78.99
S:\Technion\SemesterE\ReadYourLife - project\ReadYourLife\code\resources\data\P4L1_ Remote Procedure Calls\08 - Specifying an IDL.srt.res ,0.012062726,0.011558021,2,3,0.348432056,0.522648084,6.47,93.53,5.47,94.53
S:\Technion\SemesterE\ReadYourLife - project\ReadYourLife\code\resources\data\P4L1_ Remote Procedure Calls\09 - Marshalling.srt.res ,0.006238303,0.056375839,0,0,0,0,3.43,96.57,6.32,93.68
S:\Technion\SemesterE\ReadYourLife - project\ReadYourLife\code\resources\data\P4L1_ Remote Procedure Calls\10 - Unmarshalling.srt.res ,0.01446281,0.009887006,2,3,0.591715976,0.887573964,6.33,93.67,3.62,96.38
S:\Technion\SemesterE\ReadYourLife - project\ReadYourLife\code\resources\data\P4L1_ Remote Procedure Calls\11 - Binding and Registry.srt.res ,0.014864865,0.011228534,1,0,0.231481481,0,5.17,94.83,5.51,94.49
S:\Technion\SemesterE\ReadYourLife - project\ReadYourLife\code\resources\data\P4L1_ Remote Procedure Calls\12 - Visual Metaphor.srt.res ,0.013016596,0.007338225,2,1,0.547945205,0.273972603,8.52,91.48,5.65,94.35
S:\Technion\SemesterE\ReadYourLife - project\ReadYourLife\code\resources\data\P4L1_ Remote Procedure Calls\13 - Pointers in RPCs.srt.res ,0.008368201,0.003952569,0,1,0,0.330033003,12.6,87.4,4.99,95.01
S:\Technion\SemesterE\ReadYourLife - project\ReadYourLife\code\resources\data\P4L1_ Remote Procedure Calls\14 - Handling Partial Failures.srt.res ,0.004014049,0.021372791,0,3,0,1.111111111,5.35,94.65,9.43,90.57
S:\Technion\SemesterE\ReadYourLife - project\ReadYourLife\code\resources\data\P4L1_ Remote Procedure Calls\15 - RPC Failure Quiz.srt.res ,0.00998004,0.016641452,0,0,0,0,27.46,72.54,35.86,64.14
S:\Technion\SemesterE\ReadYourLife - project\ReadYourLife\code\resources\data\P4L1_ Remote Procedure Calls\16 - RPC Failure Quiz.srt.res ,0.118721461,0.028368794,0,2,0,1.886792453,10.02,89.98,33.33,66.67
S:\Technion\SemesterE\ReadYourLife - project\ReadYourLife\code\resources\data\P4L1_ Remote Procedure Calls\17 - RPC Design Choice Summary.srt.res ,0.00546697,0.013172338,2,3,0.619195046,0.92879257,12.25,87.75,6.89,93.11
S:\Technion\SemesterE\ReadYourLife - project\ReadYourLife\code\resources\data\P4L1_ Remote Procedure Calls\18 - What is SunRPC.srt.res ,0.008598452,0.025531915,2,2,0.689655172,0.689655172,11.69,88.31,8.41,91.59
S:\Technion\SemesterE\ReadYourLife - project\ReadYourLife\code\resources\data\P4L1_ Remote Procedure Calls\19 - SunRPC Overview.srt.res ,0.006482027,0.007959068,1,6,0.219298246,1.315789474,6.78,93.22,6.25,93.75
S:\Technion\SemesterE\ReadYourLife - project\ReadYourLife\code\resources\data\P4L1_ Remote Procedure Calls\20 - SunRPC  XDR Example.srt.res ,0.003856351,0.008045734,1,5,0.149925037,0.749625187,5.73,94.27,3.24,96.76
S:\Technion\SemesterE\ReadYourLife - project\ReadYourLife\code\resources\data\P4L1_ Remote Procedure Calls\21 - Compiling XDR.srt.res ,0.005676443,0.011848341,3,2,0.522648084,0.348432056,2.78,97.22,2.6,97.4
S:\Technion\SemesterE\ReadYourLife - project\ReadYourLife\code\resources\data\P4L1_ Remote Procedure Calls\22 - Summarizing XDR Compilation.srt.res ,0.010428737,0.005492996,1,1,0.225225225,0.225225225,8.13,91.87,4.31,95.69
S:\Technion\SemesterE\ReadYourLife - project\ReadYourLife\code\resources\data\P4L1_ Remote Procedure Calls\23 - Squarex Return Type Quiz.srt.res ,0.023696682,0.004524887,0,0,0,0,32.82,67.18,32.82,67.18
S:\Technion\SemesterE\ReadYourLife - project\ReadYourLife\code\resources\data\P4L1_ Remote Procedure Calls\24 - Squarex Return Type Quiz.srt.res ,0.031496063,0.02125775,0,0,0,0,79.02,20.98,81.47,18.53
S:\Technion\SemesterE\ReadYourLife - project\ReadYourLife\code\resources\data\P4L1_ Remote Procedure Calls\25 - SunRPC  Registry.srt.res ,0.025939475,0.003948667,2,1,0.4784689,0.23923445,9.3,90.7,6.61,93.39
S:\Technion\SemesterE\ReadYourLife - project\ReadYourLife\code\resources\data\P4L1_ Remote Procedure Calls\26 - SunRPC  Binding.srt.res ,0.107830552,0.009220839,0,0,0,0,7.84,92.16,7.21,92.79
S:\Technion\SemesterE\ReadYourLife - project\ReadYourLife\code\resources\data\P4L1_ Remote Procedure Calls\27 - XDR Data Types.srt.res ,0.060768543,0.006445216,0,1,0,0.184162063,3.98,96.02,5.14,94.86
S:\Technion\SemesterE\ReadYourLife - project\ReadYourLife\code\resources\data\P4L1_ Remote Procedure Calls\28 - XDR Data Types Quiz.srt.res ,0.026871401,0.00541272,0,1,0,1.639344262,72.38,27.62,75.24,24.76
S:\Technion\SemesterE\ReadYourLife - project\ReadYourLife\code\resources\data\P4L1_ Remote Procedure Calls\29 - XDR Data Types Quiz.srt.res ,0.012903226,0.02002002,0,2,0,2.352941176,24.17,75.83,31.93,68.07
S:\Technion\SemesterE\ReadYourLife - project\ReadYourLife\code\resources\data\P4L1_ Remote Procedure Calls\30 - XDR Routines.srt.res ,0.093385214,0.002974715,0,4,0,2.150537634,9.51,90.49,14.87,85.13
S:\Technion\SemesterE\ReadYourLife - project\ReadYourLife\code\resources\data\P4L1_ Remote Procedure Calls\31 - Encoding.srt.res ,0.00796284,0.009364548,1,2,0.25974026,0.519480519,6.51,93.49,8.18,91.82
S:\Technion\SemesterE\ReadYourLife - project\ReadYourLife\code\resources\data\P4L1_ Remote Procedure Calls\32 - XDR Encoding.srt.res ,0.005888126,0.004394397,0,1,0,0.204918033,6.13,93.87,3.47,96.53
S:\Technion\SemesterE\ReadYourLife - project\ReadYourLife\code\resources\data\P4L1_ Remote Procedure Calls\33 - XDR Encoding Quiz.srt.res ,0.009624639,0.013404826,1,2,0.793650794,1.587301587,28.76,71.24,8.74,91.26
S:\Technion\SemesterE\ReadYourLife - project\ReadYourLife\code\resources\data\P4L1_ Remote Procedure Calls\34 - XDR Encoding Quiz.srt.res ,0.011869436,0.009153318,1,2,0.961538462,1.923076923,32.83,67.17,33.5,66.5
S:\Technion\SemesterE\ReadYourLife - project\ReadYourLife\code\resources\data\P4L1_ Remote Procedure Calls\35 - Java RMI.srt.res ,0.009798271,0.001634877,0,2,0,0.434782609,6.73,93.27,4.84,95.16
S:\Technion\SemesterE\ReadYourLife - project\ReadYourLife\code\resources\data\P4L1_ Remote Procedure Calls\36 - Lesson Summary.srt.res ,0.011441648,0.012378426,0,1,0,1.041666667,36.83,63.17,32.33,67.67
S:\Technion\SemesterE\ReadYourLife - project\ReadYourLife\code\resources\data\P4L1_ Remote Procedure Calls\37 - Lesson Review.srt.res ,0.027600849,0.018823529,0,0,0,0,97.01,2.99,110.18,-10.18
S:\Technion\SemesterE\ReadYourLife - project\ReadYourLife\code\resources\data\P4L2_ Distributed File Systems\01 - Lesson Preview.srt.res ,0.028688525,0.01048218,2,0,1.709401709,0,11.09,88.91,28.03,71.97
S:\Technion\SemesterE\ReadYourLife - project\ReadYourLife\code\resources\data\P4L2_ Distributed File Systems\02 - Visual Metaphor.srt.res ,0.006771314,0.002847989,0,1,0,0.265957447,1.73,98.27,7.6,92.4
S:\Technion\SemesterE\ReadYourLife - project\ReadYourLife\code\resources\data\P4L2_ Distributed File Systems\03 - Distributed File Systems.srt.res ,0.014527845,0.188129899,2,39,1.242236025,24.22360248,24.45,75.55,5.29,94.71
S:\Technion\SemesterE\ReadYourLife - project\ReadYourLife\code\resources\data\P4L2_ Distributed File Systems\04 - DFS Models.srt.res ,0.010492131,0.131937683,2,3,0.451467269,0.677200903,2.73,97.27,5.06,94.94
S:\Technion\SemesterE\ReadYourLife - project\ReadYourLife\code\resources\data\P4L2_ Distributed File Systems\05 - Remote File Service Extremes.srt.res ,0.00680658,0.021414483,3,12,0.746268657,2.985074627,3.67,96.33,3.19,96.81
S:\Technion\SemesterE\ReadYourLife - project\ReadYourLife\code\resources\data\P4L2_ Distributed File Systems\06 - Remote File Service  A Compromise.srt.res ,0.054771784,0.066710268,0,43,0,11.4973262,6.63,93.37,6.81,93.19
S:\Technion\SemesterE\ReadYourLife - project\ReadYourLife\code\resources\data\P4L2_ Distributed File Systems\07 - Stateless vs Stateful File Server.srt.res ,0.007343413,0.034597995,1,27,0.140646976,3.797468354,2.24,97.76,2.07,97.93
S:\Technion\SemesterE\ReadYourLife - project\ReadYourLife\code\resources\data\P4L2_ Distributed File Systems\08 - Caching State in a DFS.srt.res ,0.010841655,0.011176306,3,24,0.660792952,5.286343612,1.39,98.61,3.53,96.47
S:\Technion\SemesterE\ReadYourLife - project\ReadYourLife\code\resources\data\P4L2_ Distributed File Systems\09 - File Caching Quiz.srt.res ,0.022909507,0.014204545,0,0,0,0,33.6,66.4,21.6,78.4
S:\Technion\SemesterE\ReadYourLife - project\ReadYourLife\code\resources\data\P4L2_ Distributed File Systems\10 - File Caching Quiz.srt.res ,0.0039801,0.340196078,3,57,1.382488479,26.26728111,9.42,90.58,10.63,89.37
S:\Technion\SemesterE\ReadYourLife - project\ReadYourLife\code\resources\data\P4L2_ Distributed File Systems\11 - File Sharing Semantics on a DFS.srt.res ,0.003050175,0.011278195,1,4,0.095147479,0.380589914,1.84,98.16,1.09,98.91
S:\Technion\SemesterE\ReadYourLife - project\ReadYourLife\code\resources\data\P4L2_ Distributed File Systems\12 - DFS Data Structure Quiz.srt.res ,0.009419152,0.043636364,0,5,0,7.352941176,34.57,65.43,21.35,78.65
S:\Technion\SemesterE\ReadYourLife - project\ReadYourLife\code\resources\data\P4L2_ Distributed File Systems\13 - DFS Data Structure Quiz.srt.res ,0.009512485,0.046767538,0,15,0,6.25,15.26,84.74,8.7,91.3
S:\Technion\SemesterE\ReadYourLife - project\ReadYourLife\code\resources\data\P4L2_ Distributed File Systems\14 - File vs Directory Service.srt.res ,0.024324324,0.057848052,0,18,0,6.101694915,6.57,93.43,6.07,93.93
S:\Technion\SemesterE\ReadYourLife - project\ReadYourLife\code\resources\data\P4L2_ Distributed File Systems\15 - Replication and Partitioning.srt.res ,0.004014599,0.047578299,1,7,0.119331742,0.835322196,1.79,98.21,3.36,96.64
S:\Technion\SemesterE\ReadYourLife - project\ReadYourLife\code\resources\data\P4L2_ Distributed File Systems\16 - Replication vs Partitioning Quiz.srt.res ,0.017679558,0.079791847,0,2,0,2.127659574,42.42,57.58,20.88,79.12
S:\Technion\SemesterE\ReadYourLife - project\ReadYourLife\code\resources\data\P4L2_ Distributed File Systems\17 - Replication vs Partitioning Quiz.srt.res ,0.007914076,0.028558268,2,17,0.892857143,7.589285714,6.02,93.98,6.31,93.69
S:\Technion\SemesterE\ReadYourLife - project\ReadYourLife\code\resources\data\P4L2_ Distributed File Systems\18 - Networking File System NFS Design.srt.res ,0.003758221,0.00871731,1,1,0.229357798,0.229357798,8.04,91.96,7.44,92.56
S:\Technion\SemesterE\ReadYourLife - project\ReadYourLife\code\resources\data\P4L2_ Distributed File Systems\19 - NFS File Handle Quiz.srt.res ,0.018741633,0.172955975,1,10,1.724137931,17.24137931,23.17,76.83,15.85,84.15
S:\Technion\SemesterE\ReadYourLife - project\ReadYourLife\code\resources\data\P4L2_ Distributed File Systems\20 - NFS File Handle Quiz.srt.res ,0.009266409,0.06132879,2,36,1.149425287,20.68965517,10.78,89.22,8.81,91.19
S:\Technion\SemesterE\ReadYourLife - project\ReadYourLife\code\resources\data\P4L2_ Distributed File Systems\21 - NFS Versions.srt.res ,0.038136747,0.001385042,0,9,0,1.533219762,4.16,95.84,3.03,96.97
S:\Technion\SemesterE\ReadYourLife - project\ReadYourLife\code\resources\data\P4L2_ Distributed File Systems\22 - NFS Cache Consistency Quiz.srt.res ,0.017467249,0.087774295,1,0,1.960784314,0,61.86,38.14,22.22,77.78
S:\Technion\SemesterE\ReadYourLife - project\ReadYourLife\code\resources\data\P4L2_ Distributed File Systems\23 - NFS Cache Consistency Quiz.srt.res ,0.006200177,0.008435583,1,5,0.325732899,1.628664495,8.7,91.3,6.2,93.8
S:\Technion\SemesterE\ReadYourLife - project\ReadYourLife\code\resources\data\P4L2_ Distributed File Systems\24 - Sprite Distributed File System.srt.res ,0.002832861,0.143984221,0,20,0,10.30927835,12.86,87.14,8.8,91.2
S:\Technion\SemesterE\ReadYourLife - project\ReadYourLife\code\resources\data\P4L2_ Distributed File Systems\25 - Sprite DFS  Access Pattern Analysis.srt.res ,0.002750275,0.009154421,1,30,0.169204738,5.076142132,6.5,93.5,2.98,97.02
S:\Technion\SemesterE\ReadYourLife - project\ReadYourLife\code\resources\data\P4L2_ Distributed File Systems\26 - Sprite DFS  From Analysis to Design.srt.res ,0.005565863,0.010567297,0,34,0,7.264957265,3.72,96.28,4.26,95.74
S:\Technion\SemesterE\ReadYourLife - project\ReadYourLife\code\resources\data\P4L2_ Distributed File Systems\27 - File Access Operations in Sprite.srt.res ,0.008664829,0.150128158,2,10,0.236406619,1.182033097,3.13,96.87,2.67,97.33
S:\Technion\SemesterE\ReadYourLife - project\ReadYourLife\code\resources\data\P4L2_ Distributed File Systems\28 - Lesson Summary.srt.res ,0.015200869,0.052230686,0,2,0,2.777777778,24.42,75.58,24.2,75.8
S:\Technion\SemesterE\ReadYourLife - project\ReadYourLife\code\resources\data\P4L2_ Distributed File Systems\29 - Lesson Review.srt.res ,0.268518519,0.878980892,0,0,0,0,80.84,19.16,18.56,81.44
S:\Technion\SemesterE\ReadYourLife - project\ReadYourLife\code\resources\data\P4L3_ Distributed Shared Memory\01 - Lesson Preview.srt.res ,0.201257862,0.062911485,4,4,3.703703704,3.703703704,20.06,79.94,19.35,80.65
S:\Technion\SemesterE\ReadYourLife - project\ReadYourLife\code\resources\data\P4L3_ Distributed Shared Memory\02 - Visual Metaphor.srt.res ,0.055115802,0.029683698,0,22,0,3.907637655,4.72,95.28,4.42,95.58
S:\Technion\SemesterE\ReadYourLife - project\ReadYourLife\code\resources\data\P4L3_ Distributed Shared Memory\03 - Reviewing DFSs.srt.res ,0.021168501,0.010771993,5,1,1.424501425,0.284900285,8,92,9.59,90.41
S:\Technion\SemesterE\ReadYourLife - project\ReadYourLife\code\resources\data\P4L3_ Distributed Shared Memory\04 - Peer Distributed Applications.srt.res ,0.030312403,0.004611837,0,1,0,0.192678227,2.24,97.76,4.01,95.99
S:\Technion\SemesterE\ReadYourLife - project\ReadYourLife\code\resources\data\P4L3_ Distributed Shared Memory\05 - Distributed Shared Memory DSM.srt.res ,0.076049644,0.107699358,1,7,0.175131349,1.22591944,5.17,94.83,2.34,97.66
S:\Technion\SemesterE\ReadYourLife - project\ReadYourLife\code\resources\data\P4L3_ Distributed Shared Memory\06 - Hardware vs Software DSM.srt.res ,0.006837607,0.150930151,0,12,0,3.680981595,10.35,89.65,4.4,95.6
S:\Technion\SemesterE\ReadYourLife - project\ReadYourLife\code\resources\data\P4L3_ Distributed Shared Memory\07 - Implementing DSM Quiz.srt.res ,0.014106583,0.376338028,0,16,0,9.638554217,19.75,80.25,5.67,94.33
S:\Technion\SemesterE\ReadYourLife - project\ReadYourLife\code\resources\data\P4L3_ Distributed Shared Memory\08 - Implementing DSM Quiz.srt.res ,0.025316456,0.095554081,1,5,0.826446281,4.132231405,31.44,68.56,11.98,88.02
S:\Technion\SemesterE\ReadYourLife - project\ReadYourLife\code\resources\data\P4L3_ Distributed Shared Memory\09 - DSM Design Sharing Granularity.srt.res ,0.029370907,0.013684211,1,13,0.125786164,1.635220126,1.5,98.5,2.47,97.53
S:\Technion\SemesterE\ReadYourLife - project\ReadYourLife\code\resources\data\P4L3_ Distributed Shared Memory\10 - DSM Design Access Algorithm.srt.res ,0.159353349,0.114932521,0,19,0,7.569721116,11.89,88.11,4.09,95.91
S:\Technion\SemesterE\ReadYourLife - project\ReadYourLife\code\resources\data\P4L3_ Distributed Shared Memory\11 - DSM Design Migration vs Replication.srt.res ,0.007147111,0.050195204,2,18,0.422832981,3.805496829,5.16,94.84,2.62,97.38
S:\Technion\SemesterE\ReadYourLife - project\ReadYourLife\code\resources\data\P4L3_ Distributed Shared Memory\12 - DSM Performance Quiz.srt.res ,0.019230769,0.048526863,0,19,0,39.58333333,73.06,26.94,27.95,72.05
S:\Technion\SemesterE\ReadYourLife - project\ReadYourLife\code\resources\data\P4L3_ Distributed Shared Memory\13 - DSM Performance Quiz.srt.res ,0.070617907,0.053153153,0,55,0,23.91304348,8.37,91.63,11.6,88.4
S:\Technion\SemesterE\ReadYourLife - project\ReadYourLife\code\resources\data\P4L3_ Distributed Shared Memory\14 - DMS Design Consistency Management.srt.res ,0.005812654,0.117795541,0,1,0,0.158227848,3,97,2.58,97.42
S:\Technion\SemesterE\ReadYourLife - project\ReadYourLife\code\resources\data\P4L3_ Distributed Shared Memory\15 - DSM Architecture.srt.res ,0.002337359,0.003197726,0,42,0,5.210918114,4.4,95.6,2.08,97.92
S:\Technion\SemesterE\ReadYourLife - project\ReadYourLife\code\resources\data\P4L3_ Distributed Shared Memory\16 - Summarizing DSM Architecture.srt.res ,0.019011407,0.106369009,0,9,0,7.37704918,27.17,72.83,23.7,76.3
S:\Technion\SemesterE\ReadYourLife - project\ReadYourLife\code\resources\data\P4L3_ Distributed Shared Memory\17 - Indexing Distributed State.srt.res ,0.002554822,0.002146383,2,15,0.294117647,2.205882353,3.16,96.84,2.46,97.54
S:\Technion\SemesterE\ReadYourLife - project\ReadYourLife\code\resources\data\P4L3_ Distributed Shared Memory\18 - Implementing DSM.srt.res ,0.006928978,0.031988873,1,9,0.175746924,1.58172232,3.8,96.2,1.54,98.46
S:\Technion\SemesterE\ReadYourLife - project\ReadYourLife\code\resources\data\P4L3_ Distributed Shared Memory\19 - What is a Consistency Model.srt.res ,0.02118003,0.041540459,0,13,0,2.037617555,1.49,98.51,3.26,96.74
S:\Technion\SemesterE\ReadYourLife - project\ReadYourLife\code\resources\data\P4L3_ Distributed Shared Memory\20 - Strict Consistency.srt.res ,0.075095057,0.15199398,0,12,0,3.761755486,6.5,93.5,2.66,97.34
S:\Technion\SemesterE\ReadYourLife - project\ReadYourLife\code\resources\data\P4L3_ Distributed Shared Memory\21 - Sequential Consistency.srt.res ,0.049932886,0.049605934,0,27,0,4.326923077,2.71,97.29,2.24,97.76
S:\Technion\SemesterE\ReadYourLife - project\ReadYourLife\code\resources\data\P4L3_ Distributed Shared Memory\22 - Causal Consistency.srt.res ,0.001676446,0.011505753,0,17,0,3.085299456,6.48,93.52,1.64,98.36
S:\Technion\SemesterE\ReadYourLife - project\ReadYourLife\code\resources\data\P4L3_ Distributed Shared Memory\23 - Weak Consistency.srt.res ,0.002524854,0.014653157,2,26,0.213903743,2.780748663,4.19,95.81,1.85,98.15
S:\Technion\SemesterE\ReadYourLife - project\ReadYourLife\code\resources\data\P4L3_ Distributed Shared Memory\24 - Consistency Models Quiz 1.srt.res ,0.020530368,0.049319728,1,3,1.020408163,3.06122449,35.1,64.9,19.7,80.3
S:\Technion\SemesterE\ReadYourLife - project\ReadYourLife\code\resources\data\P4L3_ Distributed Shared Memory\25 - Consistency Models Quiz 1.srt.res ,0.193347193,0.220338983,0,11,0,7.586206897,16.25,83.75,1.12,98.88
S:\Technion\SemesterE\ReadYourLife - project\ReadYourLife\code\resources\data\P4L3_ Distributed Shared Memory\26 - Consistency Models Quiz 2.srt.res ,0.119298246,0.079487179,0,0,0,0,30.32,69.68,25.67,74.33
S:\Technion\SemesterE\ReadYourLife - project\ReadYourLife\code\resources\data\P4L3_ Distributed Shared Memory\27 - Consistency Models Quiz 2.srt.res ,0.012174875,0.03437816,1,2,0.485436893,0.970873786,14.01,85.99,4.4,95.6
S:\Technion\SemesterE\ReadYourLife - project\ReadYourLife\code\resources\data\P4L3_ Distributed Shared Memory\28 - Consistency Models Quiz 3.srt.res ,0.027867095,0.116611661,2,16,2.597402597,20.77922078,22.44,77.56,20.94,79.06
S:\Technion\SemesterE\ReadYourLife - project\ReadYourLife\code\resources\data\P4L3_ Distributed Shared Memory\29 - Consistency Models Quiz 3.srt.res ,0.124822695,0.053807107,0,11,0,4.62184874,9.91,90.09,5.15,94.85
S:\Technion\SemesterE\ReadYourLife - project\ReadYourLife\code\resources\data\P4L3_ Distributed Shared Memory\30 - Consistency Models Quiz 4.srt.res ,0.200716846,0.451704545,1,11,1.960784314,21.56862745,33.51,66.49,22.51,77.49
S:\Technion\SemesterE\ReadYourLife - project\ReadYourLife\code\resources\data\P4L3_ Distributed Shared Memory\31 - Consistency Models Quiz 4.srt.res ,0.01303781,0.061728395,1,4,1.886792453,7.547169811,22.1,77.9,28.47,71.53
S:\Technion\SemesterE\ReadYourLife - project\ReadYourLife\code\resources\data\P4L3_ Distributed Shared Memory\32 - Consistency Models Quiz 5.srt.res ,0.01511335,0.844192635,1,6,3.333333333,20,86.1,13.9,21.93,78.07
S:\Technion\SemesterE\ReadYourLife - project\ReadYourLife\code\resources\data\P4L3_ Distributed Shared Memory\33 - Consistency Models Quiz 5.srt.res ,0.151041667,0.895027624,0,8,0,30.76923077,81.87,18.13,17.1,82.9
S:\Technion\SemesterE\ReadYourLife - project\ReadYourLife\code\resources\data\P4L3_ Distributed Shared Memory\34 - Lesson Summary.srt.res ,0.232061069,0.047227926,0,2,0,2.631578947,33.06,66.94,23.59,76.41
S:\Technion\SemesterE\ReadYourLife - project\ReadYourLife\code\resources\data\P4L3_ Distributed Shared Memory\35 - Lesson Review.srt.res ,0.037735849,0.878980892,1,0,3.225806452,0,82.63,17.37,18.56,81.44
S:\Technion\SemesterE\ReadYourLife - project\ReadYourLife\code\resources\data\P4L4_ Datacenter Technologies\01 - Lesson Preview.srt.res ,0.089114495,0.020947631,1,0,0.458715596,0,9.22,90.78,10.6,89.4
S:\Technion\SemesterE\ReadYourLife - project\ReadYourLife\code\resources\data\P4L4_ Datacenter Technologies\02 - Data Center Quiz.srt.res ,0.198807157,0.130925508,0,0,0,0,30.08,69.92,23.4,76.6
S:\Technion\SemesterE\ReadYourLife - project\ReadYourLife\code\resources\data\P4L4_ Datacenter Technologies\03 - Data Center Quiz.srt.res ,0.002892263,0.005598321,0,0,0,0,7.84,92.16,12.22,87.78
S:\Technion\SemesterE\ReadYourLife - project\ReadYourLife\code\resources\data\P4L4_ Datacenter Technologies\04 - Internet Services.srt.res ,0.005642633,0.003156566,1,0,0.268096515,0,5.75,94.25,5.07,94.93
S:\Technion\SemesterE\ReadYourLife - project\ReadYourLife\code\resources\data\P4L4_ Datacenter Technologies\05 - Internet Service Architectures.srt.res ,0.002508361,0.008726003,2,1,0.754716981,0.377358491,11.91,88.09,8.83,91.17
S:\Technion\SemesterE\ReadYourLife - project\ReadYourLife\code\resources\data\P4L4_ Datacenter Technologies\06 - Homogeneous Architectures.srt.res ,0.00645682,0.001375516,1,1,0.334448161,0.334448161,8.15,91.85,7.05,92.95
S:\Technion\SemesterE\ReadYourLife - project\ReadYourLife\code\resources\data\P4L4_ Datacenter Technologies\07 - Heterogeneous Architectures.srt.res ,0.07868191,0.002621232,0,1,0,0.243902439,5.9,94.1,7.23,92.77
S:\Technion\SemesterE\ReadYourLife - project\ReadYourLife\code\resources\data\P4L4_ Datacenter Technologies\08 - Homogeneous Design Quiz.srt.res ,0.012658228,0.01953125,0,0,0,0,38.68,61.32,12.07,87.93
S:\Technion\SemesterE\ReadYourLife - project\ReadYourLife\code\resources\data\P4L4_ Datacenter Technologies\09 - Homogeneous Design Quiz.srt.res ,0.021452145,0.014484007,0,0,0,0,3.04,96.96,17.12,82.88
S:\Technion\SemesterE\ReadYourLife - project\ReadYourLife\code\resources\data\P4L4_ Datacenter Technologies\10 - Heterogeneous Design Quiz.srt.res ,0.3125,0.012568735,1,0,1.388888889,0,38.89,61.11,31.55,68.45
S:\Technion\SemesterE\ReadYourLife - project\ReadYourLife\code\resources\data\P4L4_ Datacenter Technologies\11 - Heterogeneous Design Quiz.srt.res ,0.005259698,0.008866995,1,0,0.510204082,0,9.55,90.45,10.53,89.47
S:\Technion\SemesterE\ReadYourLife - project\ReadYourLife\code\resources\data\P4L4_ Datacenter Technologies\12 - Scale Out Limitations Quiz.srt.res ,0.112125163,0.014434643,15,0,23.4375,0,35.65,64.35,39.12,60.88
S:\Technion\SemesterE\ReadYourLife - project\ReadYourLife\code\resources\data\P4L4_ Datacenter Technologies\13 - Scale Out Limitations Quiz.srt.res ,0.022222222,0.008602151,0,2,0,0.896860987,3.97,96.03,9.93,90.07
S:\Technion\SemesterE\ReadYourLife - project\ReadYourLife\code\resources\data\P4L4_ Datacenter Technologies\14 - Cloud Computing Poster Child Animoto.srt.res ,0.00161845,0.004693,0,1,0,0.165289256,4.61,95.39,2.39,97.61
S:\Technion\SemesterE\ReadYourLife - project\ReadYourLife\code\resources\data\P4L4_ Datacenter Technologies\15 - Cloud Computing Requirements.srt.res ,0.035561006,0.003394625,10,0,2.544529262,0,7.38,92.62,7.11,92.89
S:\Technion\SemesterE\ReadYourLife - project\ReadYourLife\code\resources\data\P4L4_ Datacenter Technologies\16 - Cloud Computing Overview.srt.res ,0.025511917,0.004850445,0,2,0,0.524934383,3.14,96.86,5.6,94.4
S:\Technion\SemesterE\ReadYourLife - project\ReadYourLife\code\resources\data\P4L4_ Datacenter Technologies\17 - Why Does Cloud Computing Work.srt.res ,0.017605634,0.011325028,0,1,0,0.71942446,9.57,90.43,9.09,90.91
S:\Technion\SemesterE\ReadYourLife - project\ReadYourLife\code\resources\data\P4L4_ Datacenter Technologies\18 - Cloud Computing Vision.srt.res ,0.006717045,0.031929348,0,9,0,3.050847458,6.84,93.16,7.26,92.74
S:\Technion\SemesterE\ReadYourLife - project\ReadYourLife\code\resources\data\P4L4_ Datacenter Technologies\19 - Cloud Computing Definitions Quiz.srt.res ,0.007159905,0.042682927,0,5,0,4.098360656,9.01,90.99,4.98,95.02
S:\Technion\SemesterE\ReadYourLife - project\ReadYourLife\code\resources\data\P4L4_ Datacenter Technologies\20 - Cloud Computing Definitions Quiz.srt.res ,0.009049774,0.081497797,0,5,0,3.875968992,22.79,77.21,8.83,91.17
S:\Technion\SemesterE\ReadYourLife - project\ReadYourLife\code\resources\data\P4L4_ Datacenter Technologies\21 - Cloud Deployment Models.srt.res ,0.031454784,0.026289181,1,2,0.337837838,0.675675676,7.01,92.99,3.26,96.74
S:\Technion\SemesterE\ReadYourLife - project\ReadYourLife\code\resources\data\P4L4_ Datacenter Technologies\22 - Cloud Service Models.srt.res ,0.009389671,0.015679443,0,7,0,1.157024793,5.46,94.54,2.89,97.11
S:\Technion\SemesterE\ReadYourLife - project\ReadYourLife\code\resources\data\P4L4_ Datacenter Technologies\23 - Requirements for the Cloud.srt.res ,0.006937562,0.0509839,0,6,0,1.260504202,0.97,99.03,4.42,95.58
S:\Technion\SemesterE\ReadYourLife - project\ReadYourLife\code\resources\data\P4L4_ Datacenter Technologies\24 - Cloud Failure Probability Quiz.srt.res ,0.016143498,0.191762323,0,11,0,9.649122807,23.21,76.79,25,75
S:\Technion\SemesterE\ReadYourLife - project\ReadYourLife\code\resources\data\P4L4_ Datacenter Technologies\25 - Cloud Failure Probability Quiz.srt.res ,0.010482965,0,0,0,0,0,6.58,93.42,6.42,93.58
S:\Technion\SemesterE\ReadYourLife - project\ReadYourLife\code\resources\data\P4L4_ Datacenter Technologies\26 - Cloud Enabling Technologies.srt.res ,0.005554153,0,1,0,0.239808153,0,2.04,97.96,5.27,94.73
S:\Technion\SemesterE\ReadYourLife - project\ReadYourLife\code\resources\data\P4L4_ Datacenter Technologies\27 - The Cloud as a Big Data Engine.srt.res ,0.016080864,0,0,0,0,0,4.32,95.68,1.13,98.87
AVARAGE,0.045757532,0.07140964,1.6,8.932608696,0.935162932,4.387602718,15.37182609,84.62817391,12.8961087,87.1038913
